anime,scores,members,datetime
Hataraku Maou-sama!!,"
7.74
        ","
295K
        ",2022-07-18 13:11:48.761128
"Kanojo, Okarishimasu 2nd Season","
6.69
        ","
268K
        ",2022-07-18 13:11:48.761128
Overlord IV,"
8.32
        ","
264K
        ",2022-07-18 13:11:48.761128
Youkoso Jitsuryoku Shijou Shugi no Kyoushitsu e (TV) 2nd Season,"
8.12
        ","
214K
        ",2022-07-18 13:11:48.761128
Made in Abyss: Retsujitsu no Ougonkyou,"
8.77
        ","
212K
        ",2022-07-18 13:11:48.761128
Yofukashi no Uta,"
8.04
        ","
208K
        ",2022-07-18 13:11:48.761128
Dungeon ni Deai wo Motomeru no wa Machigatteiru Darou ka IV: Shin Shou - Meikyuu-hen,"
N/A
        ","
160K
        ",2022-07-18 13:11:48.761128
Mamahaha no Tsurego ga Motokano datta,"
7.27
        ","
116K
        ",2022-07-18 13:11:48.761128
Engage Kiss,"
7.29
        ","
96K
        ",2022-07-18 13:11:48.761128
Isekai Meikyuu de Harem wo,"
7.10
        ","
95K
        ",2022-07-18 13:11:48.761128
Kinsou no Vermeil: Gakeppuchi Majutsushi wa Saikyou no Yakusai to Mahou Sekai wo Tsukisusumu,"
7.29
        ","
94K
        ",2022-07-18 13:11:48.761128
"Tensei Kenja no Isekai Life: Dai-2 no Shokugyou wo Ete, Sekai Saikyou ni Narimashita","
6.62
        ","
92K
        ",2022-07-18 13:11:48.761128
Lycoris Recoil,"
8.06
        ","
88K
        ",2022-07-18 13:11:48.761128
Soredemo Ayumu wa Yosetekuru,"
7.41
        ","
87K
        ",2022-07-18 13:11:48.761128
Isekai Ojisan,"
7.93
        ","
82K
        ",2022-07-18 13:11:48.761128
Kumichou Musume to Sewagakari,"
7.85
        ","
67K
        ",2022-07-18 13:11:48.761128
Shadows House 2nd Season,"
7.88
        ","
58K
        ",2022-07-18 13:11:48.761128
RWBY: Hyousetsu Teikoku,"
7.34
        ","
52K
        ",2022-07-18 13:11:48.761128
Isekai Yakkyoku,"
7.68
        ","
48K
        ",2022-07-18 13:11:48.761128
Kuro no Shoukanshi,"
7.18
        ","
48K
        ",2022-07-18 13:11:48.761128
Saikin Yatotta Maid ga Ayashii,"
N/A
        ","
43K
        ",2022-07-18 13:11:48.761128
Hoshi no Samidare,"
6.17
        ","
32K
        ",2022-07-18 13:11:48.761128
Tokyo Mew Mew New ♡,"
7.02
        ","
29K
        ",2022-07-18 13:11:48.761128
Orient: Awajishima Gekitou-hen,"
7.17
        ","
22K
        ",2022-07-18 13:11:48.761128
Utawarerumono: Futari no Hakuoro,"
7.28
        ","
21K
        ",2022-07-18 13:11:48.761128
Jashin-chan Dropkick X,"
7.69
        ","
19K
        ",2022-07-18 13:11:48.761128
Bucchigire!,"
6.48
        ","
17K
        ",2022-07-18 13:11:48.761128
Renmei Kuugun Koukuu Mahou Ongakutai Luminous Witches,"
6.69
        ","
17K
        ",2022-07-18 13:11:48.761128
Love Live! Superstar!! 2nd Season,"
7.81
        ","
15K
        ",2022-07-18 13:11:48.761128
Fuuto Tantei,"
N/A
        ","
15K
        ",2022-07-18 13:11:48.761128
Prima Doll,"
6.79
        ","
14K
        ",2022-07-18 13:11:48.761128
Warau Arsnotoria Sun!,"
6.24
        ","
14K
        ",2022-07-18 13:11:48.761128
Kami Kuzu☆Idol,"
6.69
        ","
12K
        ",2022-07-18 13:11:48.761128
Yurei Deco,"
6.42
        ","
12K
        ",2022-07-18 13:11:48.761128
Teppen!!!!!!!!!!!!!!!,"
6.30
        ","
11K
        ",2022-07-18 13:11:48.761128
Shoot! Goal to the Future,"
5.21
        ","
8.9K
        ",2022-07-18 13:11:48.761128
Musashino!,"
4.81
        ","
7.8K
        ",2022-07-18 13:11:48.761128
Shin Tennis no Ouji-sama: U-17 World Cup,"
7.18
        ","
7.4K
        ",2022-07-18 13:11:48.761128
KJ File,"
N/A
        ","
6.7K
        ",2022-07-18 13:11:48.761128
Extreme Hearts,"
6.24
        ","
6.2K
        ",2022-07-18 13:11:48.761128
Shine Post,"
6.82
        ","
6.2K
        ",2022-07-18 13:11:48.761128
Yoru wa Neko to Issho,"
N/A
        ","
3.8K
        ",2022-07-18 13:11:48.761128
Cardfight!! Vanguard: will+Dress,"
6.58
        ","
2.5K
        ",2022-07-18 13:11:48.761128
Hanabi-chan wa Okuregachi,"
6.11
        ","
2.2K
        ",2022-07-18 13:11:48.761128
Chimimo,"
6.31
        ","
2.1K
        ",2022-07-18 13:11:48.761128
Xin Weiqi Shaonian,"
N/A
        ","
502
        ",2022-07-18 13:11:48.761128
Iii Icecrin Double,"
N/A
        ","
178
        ",2022-07-18 13:11:48.761128
Sakuretsu! Amabie-hime.,"
N/A
        ","
46
        ",2022-07-18 13:11:48.761128
One Piece,"
8.65
        ","
1.9M
        ",2022-07-18 13:11:48.761128
Boruto: Naruto Next Generations,"
5.81
        ","
761K
        ",2022-07-18 13:11:48.761128
Detective Conan,"
8.16
        ","
312K
        ",2022-07-18 13:11:48.761128
Summertime Render,"
8.42
        ","
228K
        ",2022-07-18 13:11:48.761128
Kakkou no Iinazuke,"
7.32
        ","
172K
        ",2022-07-18 13:11:48.761128
Ao Ashi,"
8.05
        ","
99K
        ",2022-07-18 13:11:48.761128
Crayon Shin-chan,"
7.75
        ","
73K
        ",2022-07-18 13:11:48.761128
Pokemon (2019),"
7.21
        ","
66K
        ",2022-07-18 13:11:48.761128
Dragon Quest: Dai no Daibouken (2020),"
7.16
        ","
60K
        ",2022-07-18 13:11:48.761128
Kingdom 4th Season,"
8.80
        ","
32K
        ",2022-07-18 13:11:48.761128
Love All Play,"
6.29
        ","
29K
        ",2022-07-18 13:11:48.761128
Digimon Ghost Game,"
6.99
        ","
17K
        ",2022-07-18 13:11:48.761128
Doraemon (2005),"
7.62
        ","
17K
        ",2022-07-18 13:11:48.761128
Gudetama,"
7.05
        ","
11K
        ",2022-07-18 13:11:48.761128
Sazae-san,"
6.11
        ","
7.2K
        ",2022-07-18 13:11:48.761128
Atasha Kawashiri Kodama Da yo: Dangerous Lifehacker no Tadareta Seikatsu,"
5.65
        ","
6.7K
        ",2022-07-18 13:11:48.761128
Nintama Rantarou,"
7.08
        ","
6.6K
        ",2022-07-18 13:11:48.761128
Delicious Party♡Precure,"
7.29
        ","
6.2K
        ",2022-07-18 13:11:48.761128
Chibi Maruko-chan (1995),"
7.27
        ","
4.3K
        ",2022-07-18 13:11:48.761128
Waccha PriMagi!,"
6.63
        ","
4.0K
        ",2022-07-18 13:11:48.761128
Yu☆Gi☆Oh!: Go Rush!!,"
5.63
        ","
3.5K
        ",2022-07-18 13:11:48.761128
Shadowverse Flame,"
6.29
        ","
3.3K
        ",2022-07-18 13:11:48.761128
Sore Ike! Anpanman,"
6.57
        ","
3.1K
        ",2022-07-18 13:11:48.761128
My Daughter is a Zombie,"
N/A
        ","
2.8K
        ",2022-07-18 13:11:48.761128
Bonobono (TV 2016),"
6.41
        ","
2.7K
        ",2022-07-18 13:11:48.761128
Ninjala (TV),"
5.69
        ","
1.8K
        ",2022-07-18 13:11:48.761128
Ojarumaru,"
6.41
        ","
1.7K
        ",2022-07-18 13:11:48.761128
Youkai Watch ♪,"
6.26
        ","
1.7K
        ",2022-07-18 13:11:48.761128
Shikaru Neko,"
N/A
        ","
1.5K
        ",2022-07-18 13:11:48.761128
Fushigi Dagashiya: Zenitendou,"
6.04
        ","
1.3K
        ",2022-07-18 13:11:48.761128
Puzzle & Dragon,"
N/A
        ","
1.2K
        ",2022-07-18 13:11:48.761128
Mobile Suit Gundam: Iron-Blooded Orphans Special Edition,"
N/A
        ","
1.2K
        ",2022-07-18 13:11:48.761128
Chiikawa,"
5.70
        ","
1.1K
        ",2022-07-18 13:11:48.761128
Kamiusagi Rope: Warau Asa ni wa Fukuraitaru tte Maji ssuka!?,"
N/A
        ","
927
        ",2022-07-18 13:11:48.761128
Knyacki!,"
6.19
        ","
843
        ",2022-07-18 13:11:48.761128
Hanakappa,"
6.01
        ","
679
        ",2022-07-18 13:11:48.761128
Shiawase Haitatsu Taneko,"
N/A
        ","
674
        ",2022-07-18 13:11:48.761128
Uchuu Nanchara Kotetsu-kun,"
N/A
        ","
631
        ",2022-07-18 13:11:48.761128
Teikou Penguin,"
N/A
        ","
555
        ",2022-07-18 13:11:48.761128
Kirin the Noop,"
N/A
        ","
508
        ",2022-07-18 13:11:48.761128
Cap Kakumei Bottleman DX,"
N/A
        ","
478
        ",2022-07-18 13:11:48.761128
Shimajirou no Wow!,"
N/A
        ","
441
        ",2022-07-18 13:11:48.761128
Mori no Ratio,"
N/A
        ","
402
        ",2022-07-18 13:11:48.761128
Duel Masters King Max,"
N/A
        ","
398
        ",2022-07-18 13:11:48.761128
Manul no Yuube,"
N/A
        ","
398
        ",2022-07-18 13:11:48.761128
Gohan Kaijuu Pap,"
N/A
        ","
369
        ",2022-07-18 13:11:48.761128
Yowamushi Monsters,"
N/A
        ","
351
        ",2022-07-18 13:11:48.761128
Motto! Majime ni Fumajime Kaiketsu Zorori 3rd Season,"
N/A
        ","
350
        ",2022-07-18 13:11:48.761128
Bite-Choicar,"
N/A
        ","
336
        ",2022-07-18 13:11:48.761128
Norimono Man: Mobile Land no Car-kun,"
N/A
        ","
333
        ",2022-07-18 13:11:48.761128
Insect Land,"
N/A
        ","
322
        ",2022-07-18 13:11:48.761128
Robot Pulta,"
N/A
        ","
314
        ",2022-07-18 13:11:48.761128
Xi Yangyang Yu Hui Tailang: Juezhan Ci Shidai,"
N/A
        ","
312
        ",2022-07-18 13:11:48.761128
Konigiri-kun,"
N/A
        ","
279
        ",2022-07-18 13:11:48.761128
Liv & Bell,"
N/A
        ","
277
        ",2022-07-18 13:11:48.761128
Beads no Mori no Rabi,"
N/A
        ","
275
        ",2022-07-18 13:11:48.761128
Fuwafuwa Hour: Pui Pui & Muu Muu,"
N/A
        ","
272
        ",2022-07-18 13:11:48.761128
Otoppe,"
N/A
        ","
268
        ",2022-07-18 13:11:48.761128
Oidon to,"
N/A
        ","
245
        ",2022-07-18 13:11:48.761128
Keito no Yousei: Knit to Wool,"
N/A
        ","
238
        ",2022-07-18 13:11:48.761128
Unicorn no Kyupi,"
N/A
        ","
237
        ",2022-07-18 13:11:48.761128
Pakkororin,"
N/A
        ","
221
        ",2022-07-18 13:11:48.761128
Reizouko no Tsukenosuke!,"
N/A
        ","
206
        ",2022-07-18 13:11:48.761128
Origami Ninja Koyankinte,"
N/A
        ","
187
        ",2022-07-18 13:11:48.761128
Pororo Donghwanala,"
N/A
        ","
187
        ",2022-07-18 13:11:48.761128
Titipo Titipo 3,"
N/A
        ","
128
        ",2022-07-18 13:11:48.761128
Oshiri Tantei 6th Season,"
N/A
        ","
127
        ",2022-07-18 13:11:48.761128
Akikan no Tuna,"
N/A
        ","
54
        ",2022-07-18 13:11:48.761128
Recola,"
N/A
        ","
50
        ",2022-07-18 13:11:48.761128
JoJo no Kimyou na Bouken Part 6: Stone Ocean Part 2,"
N/A
        ","
67K
        ",2022-07-18 13:11:48.761128
Cyberpunk: Edgerunners,"
N/A
        ","
47K
        ",2022-07-18 13:11:48.761128
Kakegurui Twin,"
N/A
        ","
30K
        ",2022-07-18 13:11:48.761128
Bastard!! Ankoku no Hakaishin (ONA) Part 2,"
N/A
        ","
6.5K
        ",2022-07-18 13:11:48.761128
Overlord: Ple Ple Pleiades 4,"
6.39
        ","
6.1K
        ",2022-07-18 13:11:48.761128
Obey Me! Season 2,"
N/A
        ","
3.2K
        ",2022-07-18 13:11:48.761128
"Yowai 5000-nen no Soushoku Dragon, Iwarenaki Jaryuu Nintei","
N/A
        ","
2.6K
        ",2022-07-18 13:11:48.761128
Yi Nian Yong Heng: Chuan Cheng Pian,"
N/A
        ","
2.0K
        ",2022-07-18 13:11:48.761128
"Mori no Kuma-san, Toumin-chuu.","
N/A
        ","
1.9K
        ",2022-07-18 13:11:48.761128
Rilakkuma to Yuuenchi,"
N/A
        ","
1.5K
        ",2022-07-18 13:11:48.761128
Doupo Cangqiong: Nian Fan,"
N/A
        ","
1.5K
        ",2022-07-18 13:11:48.761128
Doupo Cangqiong: Yuanqi,"
N/A
        ","
1.1K
        ",2022-07-18 13:11:48.761128
Meng Qi Shi Shen: Huanxi Zhui Hun,"
N/A
        ","
865
        ",2022-07-18 13:11:48.761128
Long Zu,"
N/A
        ","
862
        ",2022-07-18 13:11:48.761128
Huanmeng Shan Hai Yao,"
N/A
        ","
734
        ",2022-07-18 13:11:48.761128
Jian Wang 3: Xia Gan Yi Dan Shen Jianxin 3rd Season,"
N/A
        ","
617
        ",2022-07-18 13:11:48.761128
Kao Ni La Zhanshen Xitong,"
N/A
        ","
503
        ",2022-07-18 13:11:48.761128
Hanhua Riji 3rd Season,"
N/A
        ","
468
        ",2022-07-18 13:11:48.761128
Shanghai Gushi,"
N/A
        ","
451
        ",2022-07-18 13:11:48.761128
Bai Yao Pu 3rd Season,"
N/A
        ","
431
        ",2022-07-18 13:11:48.761128
Knights of the Zodiac: Saint Seiya - Battle for Sanctuary,"
N/A
        ","
385
        ",2022-07-18 13:11:48.761128
Shaonian Baima Zui Chunfeng,"
N/A
        ","
378
        ",2022-07-18 13:11:48.761128
Sekai no Owari ni Shiba Inu to,"
N/A
        ","
286
        ",2022-07-18 13:11:48.761128
Cang Lan Jue,"
N/A
        ","
241
        ",2022-07-18 13:11:48.761128
Shen Lan Qi Yu Wushuang Zhu,"
N/A
        ","
226
        ",2022-07-18 13:11:48.761128
Wo Kao Chongzhi Dang Wudi,"
N/A
        ","
191
        ",2022-07-18 13:11:48.761128
Shen Mu,"
N/A
        ","
185
        ",2022-07-18 13:11:48.761128
Jidao Long Shen,"
N/A
        ","
168
        ",2022-07-18 13:11:48.761128
Hei Men,"
N/A
        ","
164
        ",2022-07-18 13:11:48.761128
Juedai Shuang Jiao,"
N/A
        ","
164
        ",2022-07-18 13:11:48.761128
Xian Wu Cangqiong,"
N/A
        ","
108
        ",2022-07-18 13:11:48.761128
Yangguang Kafei Ting Zhi Xin You Ji,"
N/A
        ","
102
        ",2022-07-18 13:11:48.761128
Shi Shaoxia Gunjue Hao Gudan,"
N/A
        ","
76
        ",2022-07-18 13:11:48.761128
San Cun Renjian,"
N/A
        ","
74
        ",2022-07-18 13:11:48.761128
Baozou Xia Ri,"
N/A
        ","
61
        ",2022-07-18 13:11:48.761128
Tuanzimen de Shiming,"
N/A
        ","
57
        ",2022-07-18 13:11:48.761128
Xing Yuan Zhi Zhu,"
N/A
        ","
57
        ",2022-07-18 13:11:48.761128
Zhanguo Qiannian,"
N/A
        ","
54
        ",2022-07-18 13:11:48.761128
Sasaki to Miyano: Koi ni Kizuku Mae no Chotto Shita Hanashi.,"
N/A
        ","
16K
        ",2022-07-18 13:11:48.761128
Arifureta Shokugyou de Sekai Saikyou: Maboroshi no Bouken to Kiseki no Kaigou,"
N/A
        ","
10K
        ",2022-07-18 13:11:48.761128
Seika Jogakuin Kounin Sao Ojisan,"
7.15
        ","
1.9K
        ",2022-07-18 13:11:48.761128
Natsuyasumi Ake no Kanojo wa...,"
5.57
        ","
1.1K
        ",2022-07-18 13:11:48.761128
Doukyuusei Remake The Animation,"
N/A
        ","
872
        ",2022-07-18 13:11:48.761128
Sleepless: A Midsummer Night's Dream - The Animation,"
N/A
        ","
714
        ",2022-07-18 13:11:48.761128
Summer: Inaka no Seikatsu,"
N/A
        ","
656
        ",2022-07-18 13:11:48.761128
Kitsune Musume no Ecchi na Oyado,"
N/A
        ","
499
        ",2022-07-18 13:11:48.761128
Iinchou wa Saimin Appli wo Shinjiteru.,"
N/A
        ","
433
        ",2022-07-18 13:11:48.761128
Korashime 2: Kyouikuteki Depaga Shidou,"
N/A
        ","
352
        ",2022-07-18 13:11:48.761128
Haji+ Shinchishin,"
N/A
        ","
344
        ",2022-07-18 13:11:48.761128
Boku wa Chiisana Succubus no Shimobe,"
N/A
        ","
256
        ",2022-07-18 13:11:48.761128
Renseijutsushi Colette no H na Sakusei Monogatari,"
N/A
        ","
244
        ",2022-07-18 13:11:48.761128
One Piece Film: Red,"
N/A
        ","
51K
        ",2022-07-18 13:11:48.761128
Sword Art Online: Progressive Movie - Kuraki Yuuyami no Scherzo,"
N/A
        ","
46K
        ",2022-07-18 13:11:48.761128
Yuru Camp△ Movie,"
7.49
        ","
45K
        ",2022-07-18 13:11:48.761128
"Natsu e no Tunnel, Sayonara no Deguchi","
N/A
        ","
26K
        ",2022-07-18 13:11:48.761128
Tsurune Movie: Hajimari no Issha,"
N/A
        ","
14K
        ",2022-07-18 13:11:48.761128
Bakuten!! Movie,"
N/A
        ","
14K
        ",2022-07-18 13:11:48.761128
Ame wo Tsugeru Hyouryuu Danchi,"
N/A
        ","
10K
        ",2022-07-18 13:11:48.761128
Ginga Eiyuu Densetsu: Die Neue These - Sakubou,"
N/A
        ","
4.8K
        ",2022-07-18 13:11:48.761128
Uta no☆Prince-sama♪ Movie: Maji Love ST☆RISH Tours,"
N/A
        ","
3.7K
        ",2022-07-18 13:11:48.761128
Osomatsu-san: Hipipo-Zoku to Kagayaku Kajitsu,"
N/A
        ","
1.4K
        ",2022-07-18 13:11:48.761128
Gundam: G no Reconguista Movie IV - Gekitou ni Sakebu Ai,"
N/A
        ","
919
        ",2022-07-18 13:11:48.761128
Gundam: G no Reconguista Movie V - Shisen wo Koete,"
N/A
        ","
895
        ",2022-07-18 13:11:48.761128
Delicious Party♡Precure (Movie),"
N/A
        ","
451
        ",2022-07-18 13:11:48.761128
Chong Chu Diqiu,"
N/A
        ","
188
        ",2022-07-18 13:11:48.761128
Zannen na Ikimono Jiten the Movie,"
N/A
        ","
104
        ",2022-07-18 13:11:48.761128
Dr. Stone: Ryuusui,"
8.43
        ","
107K
        ",2022-07-18 13:11:48.761128
Dungeon ni Deai wo Motomeru no wa Machigatteiru Darou ka IV Episode 0,"
6.42
        ","
8.9K
        ",2022-07-18 13:11:48.761128
D4DJ: Double Mix,"
N/A
        ","
2.5K
        ",2022-07-18 13:11:48.761128
BanG Dream! Morfonication,"
N/A
        ","
2.3K
        ",2022-07-18 13:11:48.761128
Mobile Suit Gundam: The Witch from Mercury - Prologue,"
7.09
        ","
1.0K
        ",2022-07-18 13:11:48.761128
Midori no Makibao: Owaranai Chоusen!!,"
N/A
        ","
64
        ",2022-07-18 13:11:48.761128
Tonikaku Kawaii: Seifuku,"
N/A
        ","
37K
        ",2022-07-18 13:11:48.761128
Yojouhan Time Machine Blues,"
N/A
        ","
16K
        ",2022-07-18 13:11:48.761128
Hataraku Maou-sama!!,"
7.74
        ","
294K
        ",2022-07-17 21:26:06.877597
"Kanojo, Okarishimasu 2nd Season","
6.70
        ","
267K
        ",2022-07-17 21:26:06.877597
Overlord IV,"
8.32
        ","
263K
        ",2022-07-17 21:26:06.877597
Youkoso Jitsuryoku Shijou Shugi no Kyoushitsu e (TV) 2nd Season,"
8.12
        ","
212K
        ",2022-07-17 21:26:06.877597
Made in Abyss: Retsujitsu no Ougonkyou,"
8.77
        ","
211K
        ",2022-07-17 21:26:06.877597
Yofukashi no Uta,"
8.04
        ","
205K
        ",2022-07-17 21:26:06.877597
Dungeon ni Deai wo Motomeru no wa Machigatteiru Darou ka IV: Shin Shou - Meikyuu-hen,"
N/A
        ","
160K
        ",2022-07-17 21:26:06.877597
Mamahaha no Tsurego ga Motokano datta,"
7.27
        ","
115K
        ",2022-07-17 21:26:06.877597
Engage Kiss,"
7.29
        ","
95K
        ",2022-07-17 21:26:06.877597
Isekai Meikyuu de Harem wo,"
7.11
        ","
94K
        ",2022-07-17 21:26:06.877597
Kinsou no Vermeil: Gakeppuchi Majutsushi wa Saikyou no Yakusai to Mahou Sekai wo Tsukisusumu,"
7.29
        ","
93K
        ",2022-07-17 21:26:06.877597
"Tensei Kenja no Isekai Life: Dai-2 no Shokugyou wo Ete, Sekai Saikyou ni Narimashita","
6.65
        ","
91K
        ",2022-07-17 21:26:06.877597
Soredemo Ayumu wa Yosetekuru,"
7.41
        ","
87K
        ",2022-07-17 21:26:06.877597
Lycoris Recoil,"
8.04
        ","
85K
        ",2022-07-17 21:26:06.877597
Isekai Ojisan,"
7.93
        ","
81K
        ",2022-07-17 21:26:06.877597
Kumichou Musume to Sewagakari,"
7.84
        ","
66K
        ",2022-07-17 21:26:06.877597
Shadows House 2nd Season,"
7.88
        ","
58K
        ",2022-07-17 21:26:06.877597
RWBY: Hyousetsu Teikoku,"
7.35
        ","
52K
        ",2022-07-17 21:26:06.877597
Kuro no Shoukanshi,"
7.19
        ","
47K
        ",2022-07-17 21:26:06.877597
Isekai Yakkyoku,"
7.67
        ","
46K
        ",2022-07-17 21:26:06.877597
Saikin Yatotta Maid ga Ayashii,"
N/A
        ","
43K
        ",2022-07-17 21:26:06.877597
Hoshi no Samidare,"
6.19
        ","
32K
        ",2022-07-17 21:26:06.877597
Tokyo Mew Mew New ♡,"
7.02
        ","
29K
        ",2022-07-17 21:26:06.877597
Orient: Awajishima Gekitou-hen,"
7.17
        ","
21K
        ",2022-07-17 21:26:06.877597
Utawarerumono: Futari no Hakuoro,"
7.28
        ","
21K
        ",2022-07-17 21:26:06.877597
Jashin-chan Dropkick X,"
7.68
        ","
19K
        ",2022-07-17 21:26:06.877597
Bucchigire!,"
6.49
        ","
17K
        ",2022-07-17 21:26:06.877597
Renmei Kuugun Koukuu Mahou Ongakutai Luminous Witches,"
6.68
        ","
17K
        ",2022-07-17 21:26:06.877597
Love Live! Superstar!! 2nd Season,"
7.56
        ","
15K
        ",2022-07-17 21:26:06.877597
Fuuto Tantei,"
N/A
        ","
15K
        ",2022-07-17 21:26:06.877597
Prima Doll,"
6.78
        ","
14K
        ",2022-07-17 21:26:06.877597
Warau Arsnotoria Sun!,"
6.23
        ","
13K
        ",2022-07-17 21:26:06.877597
Kami Kuzu☆Idol,"
6.68
        ","
12K
        ",2022-07-17 21:26:06.877597
Yurei Deco,"
6.41
        ","
12K
        ",2022-07-17 21:26:06.877597
Teppen!!!!!!!!!!!!!!!,"
6.31
        ","
10K
        ",2022-07-17 21:26:06.877597
Shoot! Goal to the Future,"
5.23
        ","
8.8K
        ",2022-07-17 21:26:06.877597
Musashino!,"
4.81
        ","
7.8K
        ",2022-07-17 21:26:06.877597
Shin Tennis no Ouji-sama: U-17 World Cup,"
7.17
        ","
7.4K
        ",2022-07-17 21:26:06.877597
KJ File,"
N/A
        ","
6.7K
        ",2022-07-17 21:26:06.877597
Extreme Hearts,"
6.25
        ","
6.1K
        ",2022-07-17 21:26:06.877597
Shine Post,"
6.82
        ","
6.1K
        ",2022-07-17 21:26:06.877597
Yoru wa Neko to Issho,"
N/A
        ","
3.7K
        ",2022-07-17 21:26:06.877597
Cardfight!! Vanguard: will+Dress,"
6.56
        ","
2.5K
        ",2022-07-17 21:26:06.877597
Hanabi-chan wa Okuregachi,"
6.06
        ","
2.2K
        ",2022-07-17 21:26:06.877597
Chimimo,"
6.31
        ","
2.1K
        ",2022-07-17 21:26:06.877597
Xin Weiqi Shaonian,"
N/A
        ","
498
        ",2022-07-17 21:26:06.877597
Iii Icecrin Double,"
N/A
        ","
174
        ",2022-07-17 21:26:06.877597
Sakuretsu! Amabie-hime.,"
N/A
        ","
44
        ",2022-07-17 21:26:06.877597
One Piece,"
8.65
        ","
1.9M
        ",2022-07-17 21:26:06.877597
Boruto: Naruto Next Generations,"
5.81
        ","
761K
        ",2022-07-17 21:26:06.877597
Detective Conan,"
8.16
        ","
312K
        ",2022-07-17 21:26:06.877597
Summertime Render,"
8.42
        ","
227K
        ",2022-07-17 21:26:06.877597
Kakkou no Iinazuke,"
7.32
        ","
171K
        ",2022-07-17 21:26:06.877597
Ao Ashi,"
8.05
        ","
98K
        ",2022-07-17 21:26:06.877597
Crayon Shin-chan,"
7.75
        ","
73K
        ",2022-07-17 21:26:06.877597
Pokemon (2019),"
7.21
        ","
66K
        ",2022-07-17 21:26:06.877597
Dragon Quest: Dai no Daibouken (2020),"
7.16
        ","
60K
        ",2022-07-17 21:26:06.877597
Kingdom 4th Season,"
8.80
        ","
32K
        ",2022-07-17 21:26:06.877597
Love All Play,"
6.29
        ","
29K
        ",2022-07-17 21:26:06.877597
Digimon Ghost Game,"
6.99
        ","
17K
        ",2022-07-17 21:26:06.877597
Doraemon (2005),"
7.62
        ","
17K
        ",2022-07-17 21:26:06.877597
Gudetama,"
7.05
        ","
11K
        ",2022-07-17 21:26:06.877597
Sazae-san,"
6.11
        ","
7.2K
        ",2022-07-17 21:26:06.877597
Atasha Kawashiri Kodama Da yo: Dangerous Lifehacker no Tadareta Seikatsu,"
5.64
        ","
6.7K
        ",2022-07-17 21:26:06.877597
Nintama Rantarou,"
7.08
        ","
6.6K
        ",2022-07-17 21:26:06.877597
Delicious Party♡Precure,"
7.29
        ","
6.2K
        ",2022-07-17 21:26:06.877597
Chibi Maruko-chan (1995),"
7.27
        ","
4.3K
        ",2022-07-17 21:26:06.877597
Waccha PriMagi!,"
6.63
        ","
4.0K
        ",2022-07-17 21:26:06.877597
Yu☆Gi☆Oh!: Go Rush!!,"
5.63
        ","
3.5K
        ",2022-07-17 21:26:06.877597
Shadowverse Flame,"
6.29
        ","
3.3K
        ",2022-07-17 21:26:06.877597
Sore Ike! Anpanman,"
6.57
        ","
3.1K
        ",2022-07-17 21:26:06.877597
My Daughter is a Zombie,"
N/A
        ","
2.8K
        ",2022-07-17 21:26:06.877597
Bonobono (TV 2016),"
6.41
        ","
2.7K
        ",2022-07-17 21:26:06.877597
Ninjala (TV),"
5.70
        ","
1.8K
        ",2022-07-17 21:26:06.877597
Ojarumaru,"
6.41
        ","
1.7K
        ",2022-07-17 21:26:06.877597
Youkai Watch ♪,"
6.26
        ","
1.7K
        ",2022-07-17 21:26:06.877597
Shikaru Neko,"
N/A
        ","
1.5K
        ",2022-07-17 21:26:06.877597
Fushigi Dagashiya: Zenitendou,"
6.04
        ","
1.3K
        ",2022-07-17 21:26:06.877597
Puzzle & Dragon,"
N/A
        ","
1.2K
        ",2022-07-17 21:26:06.877597
Mobile Suit Gundam: Iron-Blooded Orphans Special Edition,"
N/A
        ","
1.2K
        ",2022-07-17 21:26:06.877597
Chiikawa,"
5.73
        ","
1.1K
        ",2022-07-17 21:26:06.877597
Kamiusagi Rope: Warau Asa ni wa Fukuraitaru tte Maji ssuka!?,"
N/A
        ","
926
        ",2022-07-17 21:26:06.877597
Knyacki!,"
6.19
        ","
841
        ",2022-07-17 21:26:06.877597
Hanakappa,"
6.01
        ","
679
        ",2022-07-17 21:26:06.877597
Shiawase Haitatsu Taneko,"
N/A
        ","
673
        ",2022-07-17 21:26:06.877597
Uchuu Nanchara Kotetsu-kun,"
N/A
        ","
629
        ",2022-07-17 21:26:06.877597
Teikou Penguin,"
N/A
        ","
554
        ",2022-07-17 21:26:06.877597
Kirin the Noop,"
N/A
        ","
507
        ",2022-07-17 21:26:06.877597
Cap Kakumei Bottleman DX,"
N/A
        ","
478
        ",2022-07-17 21:26:06.877597
Shimajirou no Wow!,"
N/A
        ","
440
        ",2022-07-17 21:26:06.877597
Mori no Ratio,"
N/A
        ","
401
        ",2022-07-17 21:26:06.877597
Duel Masters King Max,"
N/A
        ","
397
        ",2022-07-17 21:26:06.877597
Manul no Yuube,"
N/A
        ","
397
        ",2022-07-17 21:26:06.877597
Gohan Kaijuu Pap,"
N/A
        ","
368
        ",2022-07-17 21:26:06.877597
Motto! Majime ni Fumajime Kaiketsu Zorori 3rd Season,"
N/A
        ","
350
        ",2022-07-17 21:26:06.877597
Yowamushi Monsters,"
N/A
        ","
350
        ",2022-07-17 21:26:06.877597
Bite-Choicar,"
N/A
        ","
334
        ",2022-07-17 21:26:06.877597
Norimono Man: Mobile Land no Car-kun,"
N/A
        ","
332
        ",2022-07-17 21:26:06.877597
Insect Land,"
N/A
        ","
322
        ",2022-07-17 21:26:06.877597
Robot Pulta,"
N/A
        ","
313
        ",2022-07-17 21:26:06.877597
Xi Yangyang Yu Hui Tailang: Juezhan Ci Shidai,"
N/A
        ","
311
        ",2022-07-17 21:26:06.877597
Konigiri-kun,"
N/A
        ","
278
        ",2022-07-17 21:26:06.877597
Liv & Bell,"
N/A
        ","
276
        ",2022-07-17 21:26:06.877597
Beads no Mori no Rabi,"
N/A
        ","
273
        ",2022-07-17 21:26:06.877597
Fuwafuwa Hour: Pui Pui & Muu Muu,"
N/A
        ","
270
        ",2022-07-17 21:26:06.877597
Otoppe,"
N/A
        ","
267
        ",2022-07-17 21:26:06.877597
Oidon to,"
N/A
        ","
244
        ",2022-07-17 21:26:06.877597
Keito no Yousei: Knit to Wool,"
N/A
        ","
236
        ",2022-07-17 21:26:06.877597
Unicorn no Kyupi,"
N/A
        ","
236
        ",2022-07-17 21:26:06.877597
Pakkororin,"
N/A
        ","
220
        ",2022-07-17 21:26:06.877597
Reizouko no Tsukenosuke!,"
N/A
        ","
205
        ",2022-07-17 21:26:06.877597
Origami Ninja Koyankinte,"
N/A
        ","
186
        ",2022-07-17 21:26:06.877597
Pororo Donghwanala,"
N/A
        ","
186
        ",2022-07-17 21:26:06.877597
Titipo Titipo 3,"
N/A
        ","
127
        ",2022-07-17 21:26:06.877597
Oshiri Tantei 6th Season,"
N/A
        ","
126
        ",2022-07-17 21:26:06.877597
Akikan no Tuna,"
N/A
        ","
52
        ",2022-07-17 21:26:06.877597
Recola,"
N/A
        ","
49
        ",2022-07-17 21:26:06.877597
JoJo no Kimyou na Bouken Part 6: Stone Ocean Part 2,"
N/A
        ","
67K
        ",2022-07-17 21:26:06.877597
Cyberpunk: Edgerunners,"
N/A
        ","
47K
        ",2022-07-17 21:26:06.877597
Kakegurui Twin,"
N/A
        ","
30K
        ",2022-07-17 21:26:06.877597
Bastard!! Ankoku no Hakaishin (ONA) Part 2,"
N/A
        ","
6.4K
        ",2022-07-17 21:26:06.877597
Overlord: Ple Ple Pleiades 4,"
6.39
        ","
6.0K
        ",2022-07-17 21:26:06.877597
Obey Me! Season 2,"
N/A
        ","
3.2K
        ",2022-07-17 21:26:06.877597
"Yowai 5000-nen no Soushoku Dragon, Iwarenaki Jaryuu Nintei","
N/A
        ","
2.6K
        ",2022-07-17 21:26:06.877597
Yi Nian Yong Heng: Chuan Cheng Pian,"
N/A
        ","
2.0K
        ",2022-07-17 21:26:06.877597
"Mori no Kuma-san, Toumin-chuu.","
N/A
        ","
1.9K
        ",2022-07-17 21:26:06.877597
Rilakkuma to Yuuenchi,"
N/A
        ","
1.5K
        ",2022-07-17 21:26:06.877597
Doupo Cangqiong: Nian Fan,"
N/A
        ","
1.5K
        ",2022-07-17 21:26:06.877597
Doupo Cangqiong: Yuanqi,"
N/A
        ","
1.1K
        ",2022-07-17 21:26:06.877597
Long Zu,"
N/A
        ","
855
        ",2022-07-17 21:26:06.877597
Meng Qi Shi Shen: Huanxi Zhui Hun,"
N/A
        ","
854
        ",2022-07-17 21:26:06.877597
Huanmeng Shan Hai Yao,"
N/A
        ","
729
        ",2022-07-17 21:26:06.877597
Jian Wang 3: Xia Gan Yi Dan Shen Jianxin 3rd Season,"
N/A
        ","
614
        ",2022-07-17 21:26:06.877597
Kao Ni La Zhanshen Xitong,"
N/A
        ","
498
        ",2022-07-17 21:26:06.877597
Hanhua Riji 3rd Season,"
N/A
        ","
465
        ",2022-07-17 21:26:06.877597
Shanghai Gushi,"
N/A
        ","
451
        ",2022-07-17 21:26:06.877597
Bai Yao Pu 3rd Season,"
N/A
        ","
428
        ",2022-07-17 21:26:06.877597
Knights of the Zodiac: Saint Seiya - Battle for Sanctuary,"
N/A
        ","
378
        ",2022-07-17 21:26:06.877597
Shaonian Baima Zui Chunfeng,"
N/A
        ","
376
        ",2022-07-17 21:26:06.877597
Sekai no Owari ni Shiba Inu to,"
N/A
        ","
274
        ",2022-07-17 21:26:06.877597
Cang Lan Jue,"
N/A
        ","
228
        ",2022-07-17 21:26:06.877597
Shen Lan Qi Yu Wushuang Zhu,"
N/A
        ","
224
        ",2022-07-17 21:26:06.877597
Wo Kao Chongzhi Dang Wudi,"
N/A
        ","
186
        ",2022-07-17 21:26:06.877597
Shen Mu,"
N/A
        ","
184
        ",2022-07-17 21:26:06.877597
Jidao Long Shen,"
N/A
        ","
167
        ",2022-07-17 21:26:06.877597
Hei Men,"
N/A
        ","
161
        ",2022-07-17 21:26:06.877597
Juedai Shuang Jiao,"
N/A
        ","
161
        ",2022-07-17 21:26:06.877597
Xian Wu Cangqiong,"
N/A
        ","
106
        ",2022-07-17 21:26:06.877597
Yangguang Kafei Ting Zhi Xin You Ji,"
N/A
        ","
98
        ",2022-07-17 21:26:06.877597
San Cun Renjian,"
N/A
        ","
71
        ",2022-07-17 21:26:06.877597
Shi Shaoxia Gunjue Hao Gudan,"
N/A
        ","
71
        ",2022-07-17 21:26:06.877597
Baozou Xia Ri,"
N/A
        ","
59
        ",2022-07-17 21:26:06.877597
Tuanzimen de Shiming,"
N/A
        ","
56
        ",2022-07-17 21:26:06.877597
Xing Yuan Zhi Zhu,"
N/A
        ","
54
        ",2022-07-17 21:26:06.877597
Zhanguo Qiannian,"
N/A
        ","
52
        ",2022-07-17 21:26:06.877597
Sasaki to Miyano: Koi ni Kizuku Mae no Chotto Shita Hanashi.,"
N/A
        ","
16K
        ",2022-07-17 21:26:06.877597
Arifureta Shokugyou de Sekai Saikyou: Maboroshi no Bouken to Kiseki no Kaigou,"
N/A
        ","
10.0K
        ",2022-07-17 21:26:06.877597
Seika Jogakuin Kounin Sao Ojisan,"
7.14
        ","
1.9K
        ",2022-07-17 21:26:06.877597
Natsuyasumi Ake no Kanojo wa...,"
5.64
        ","
1.1K
        ",2022-07-17 21:26:06.877597
Doukyuusei Remake The Animation,"
N/A
        ","
868
        ",2022-07-17 21:26:06.877597
Sleepless: A Midsummer Night's Dream - The Animation,"
N/A
        ","
708
        ",2022-07-17 21:26:06.877597
Summer: Inaka no Seikatsu,"
N/A
        ","
653
        ",2022-07-17 21:26:06.877597
Kitsune Musume no Ecchi na Oyado,"
N/A
        ","
494
        ",2022-07-17 21:26:06.877597
Iinchou wa Saimin Appli wo Shinjiteru.,"
N/A
        ","
427
        ",2022-07-17 21:26:06.877597
Korashime 2: Kyouikuteki Depaga Shidou,"
N/A
        ","
347
        ",2022-07-17 21:26:06.877597
Haji+ Shinchishin,"
N/A
        ","
338
        ",2022-07-17 21:26:06.877597
Boku wa Chiisana Succubus no Shimobe,"
N/A
        ","
250
        ",2022-07-17 21:26:06.877597
Renseijutsushi Colette no H na Sakusei Monogatari,"
N/A
        ","
242
        ",2022-07-17 21:26:06.877597
One Piece Film: Red,"
N/A
        ","
51K
        ",2022-07-17 21:26:06.877597
Sword Art Online: Progressive Movie - Kuraki Yuuyami no Scherzo,"
N/A
        ","
46K
        ",2022-07-17 21:26:06.877597
Yuru Camp△ Movie,"
7.49
        ","
45K
        ",2022-07-17 21:26:06.877597
"Natsu e no Tunnel, Sayonara no Deguchi","
N/A
        ","
26K
        ",2022-07-17 21:26:06.877597
Tsurune Movie: Hajimari no Issha,"
N/A
        ","
14K
        ",2022-07-17 21:26:06.877597
Bakuten!! Movie,"
N/A
        ","
14K
        ",2022-07-17 21:26:06.877597
Ame wo Tsugeru Hyouryuu Danchi,"
N/A
        ","
10K
        ",2022-07-17 21:26:06.877597
Ginga Eiyuu Densetsu: Die Neue These - Sakubou,"
N/A
        ","
4.8K
        ",2022-07-17 21:26:06.877597
Uta no☆Prince-sama♪ Movie: Maji Love ST☆RISH Tours,"
N/A
        ","
3.7K
        ",2022-07-17 21:26:06.877597
Osomatsu-san: Hipipo-Zoku to Kagayaku Kajitsu,"
N/A
        ","
1.4K
        ",2022-07-17 21:26:06.877597
Gundam: G no Reconguista Movie IV - Gekitou ni Sakebu Ai,"
N/A
        ","
915
        ",2022-07-17 21:26:06.877597
Gundam: G no Reconguista Movie V - Shisen wo Koete,"
N/A
        ","
893
        ",2022-07-17 21:26:06.877597
Delicious Party♡Precure (Movie),"
N/A
        ","
449
        ",2022-07-17 21:26:06.877597
Chong Chu Diqiu,"
N/A
        ","
186
        ",2022-07-17 21:26:06.877597
Zannen na Ikimono Jiten the Movie,"
N/A
        ","
104
        ",2022-07-17 21:26:06.877597
Dr. Stone: Ryuusui,"
8.43
        ","
106K
        ",2022-07-17 21:26:06.877597
Dungeon ni Deai wo Motomeru no wa Machigatteiru Darou ka IV Episode 0,"
6.41
        ","
8.8K
        ",2022-07-17 21:26:06.877597
D4DJ: Double Mix,"
N/A
        ","
2.5K
        ",2022-07-17 21:26:06.877597
BanG Dream! Morfonication,"
N/A
        ","
2.3K
        ",2022-07-17 21:26:06.877597
Mobile Suit Gundam: The Witch from Mercury - Prologue,"
7.05
        ","
978
        ",2022-07-17 21:26:06.877597
Midori no Makibao: Owaranai Chоusen!!,"
N/A
        ","
62
        ",2022-07-17 21:26:06.877597
Tonikaku Kawaii: Seifuku,"
N/A
        ","
37K
        ",2022-07-17 21:26:06.877597
Yojouhan Time Machine Blues,"
N/A
        ","
16K
        ",2022-07-17 21:26:06.877597
Hataraku Maou-sama!!,"
7.75
        ","
292K
        ",2022-07-17 10:19:37.854267
"Kanojo, Okarishimasu 2nd Season","
6.70
        ","
266K
        ",2022-07-17 10:19:37.854267
Overlord IV,"
8.32
        ","
262K
        ",2022-07-17 10:19:37.854267
Youkoso Jitsuryoku Shijou Shugi no Kyoushitsu e (TV) 2nd Season,"
8.12
        ","
211K
        ",2022-07-17 10:19:37.854267
Made in Abyss: Retsujitsu no Ougonkyou,"
8.77
        ","
210K
        ",2022-07-17 10:19:37.854267
Yofukashi no Uta,"
8.04
        ","
203K
        ",2022-07-17 10:19:37.854267
Dungeon ni Deai wo Motomeru no wa Machigatteiru Darou ka IV: Shin Shou - Meikyuu-hen,"
N/A
        ","
159K
        ",2022-07-17 10:19:37.854267
Mamahaha no Tsurego ga Motokano datta,"
7.28
        ","
114K
        ",2022-07-17 10:19:37.854267
Engage Kiss,"
7.30
        ","
94K
        ",2022-07-17 10:19:37.854267
Isekai Meikyuu de Harem wo,"
7.11
        ","
93K
        ",2022-07-17 10:19:37.854267
Kinsou no Vermeil: Gakeppuchi Majutsushi wa Saikyou no Yakusai to Mahou Sekai wo Tsukisusumu,"
7.30
        ","
92K
        ",2022-07-17 10:19:37.854267
"Tensei Kenja no Isekai Life: Dai-2 no Shokugyou wo Ete, Sekai Saikyou ni Narimashita","
6.66
        ","
91K
        ",2022-07-17 10:19:37.854267
Soredemo Ayumu wa Yosetekuru,"
7.41
        ","
86K
        ",2022-07-17 10:19:37.854267
Lycoris Recoil,"
8.03
        ","
83K
        ",2022-07-17 10:19:37.854267
Isekai Ojisan,"
7.93
        ","
80K
        ",2022-07-17 10:19:37.854267
Kumichou Musume to Sewagakari,"
7.84
        ","
65K
        ",2022-07-17 10:19:37.854267
Shadows House 2nd Season,"
7.89
        ","
57K
        ",2022-07-17 10:19:37.854267
Kuro no Shoukanshi,"
7.20
        ","
46K
        ",2022-07-17 10:19:37.854267
Isekai Yakkyoku,"
7.66
        ","
45K
        ",2022-07-17 10:19:37.854267
Saikin Yatotta Maid ga Ayashii,"
N/A
        ","
42K
        ",2022-07-17 10:19:37.854267
Hoshi no Samidare,"
6.20
        ","
32K
        ",2022-07-17 10:19:37.854267
Tokyo Mew Mew New ♡,"
7.02
        ","
29K
        ",2022-07-17 10:19:37.854267
Orient: Awajishima Gekitou-hen,"
7.17
        ","
21K
        ",2022-07-17 10:19:37.854267
Utawarerumono: Futari no Hakuoro,"
7.27
        ","
21K
        ",2022-07-17 10:19:37.854267
Jashin-chan Dropkick X,"
7.68
        ","
18K
        ",2022-07-17 10:19:37.854267
Bucchigire!,"
6.50
        ","
17K
        ",2022-07-17 10:19:37.854267
Renmei Kuugun Koukuu Mahou Ongakutai Luminous Witches,"
6.70
        ","
17K
        ",2022-07-17 10:19:37.854267
Love Live! Superstar!! 2nd Season,"
N/A
        ","
15K
        ",2022-07-17 10:19:37.854267
Fuuto Tantei,"
N/A
        ","
15K
        ",2022-07-17 10:19:37.854267
Prima Doll,"
6.79
        ","
14K
        ",2022-07-17 10:19:37.854267
Warau Arsnotoria Sun!,"
6.23
        ","
13K
        ",2022-07-17 10:19:37.854267
Kami Kuzu☆Idol,"
6.69
        ","
12K
        ",2022-07-17 10:19:37.854267
Yurei Deco,"
6.41
        ","
11K
        ",2022-07-17 10:19:37.854267
Teppen!!!!!!!!!!!!!!!,"
6.30
        ","
10K
        ",2022-07-17 10:19:37.854267
Shoot! Goal to the Future,"
5.23
        ","
8.8K
        ",2022-07-17 10:19:37.854267
Musashino!,"
4.81
        ","
7.8K
        ",2022-07-17 10:19:37.854267
Shin Tennis no Ouji-sama: U-17 World Cup,"
7.17
        ","
7.3K
        ",2022-07-17 10:19:37.854267
KJ File,"
N/A
        ","
6.7K
        ",2022-07-17 10:19:37.854267
Extreme Hearts,"
6.26
        ","
6.1K
        ",2022-07-17 10:19:37.854267
Shine Post,"
6.81
        ","
6.0K
        ",2022-07-17 10:19:37.854267
Yoru wa Neko to Issho,"
N/A
        ","
3.7K
        ",2022-07-17 10:19:37.854267
Cardfight!! Vanguard: will+Dress,"
6.57
        ","
2.5K
        ",2022-07-17 10:19:37.854267
Chimimo,"
6.30
        ","
2.1K
        ",2022-07-17 10:19:37.854267
Hanabi-chan wa Okuregachi,"
5.99
        ","
2.1K
        ",2022-07-17 10:19:37.854267
Xin Weiqi Shaonian,"
N/A
        ","
493
        ",2022-07-17 10:19:37.854267
Iii Icecrin Double,"
N/A
        ","
174
        ",2022-07-17 10:19:37.854267
Sakuretsu! Amabie-hime.,"
N/A
        ","
40
        ",2022-07-17 10:19:37.854267
One Piece,"
8.65
        ","
1.9M
        ",2022-07-17 10:19:37.854267
Boruto: Naruto Next Generations,"
5.81
        ","
761K
        ",2022-07-17 10:19:37.854267
Detective Conan,"
8.16
        ","
312K
        ",2022-07-17 10:19:37.854267
Summertime Render,"
8.41
        ","
227K
        ",2022-07-17 10:19:37.854267
Kakkou no Iinazuke,"
7.32
        ","
171K
        ",2022-07-17 10:19:37.854267
Ao Ashi,"
8.04
        ","
98K
        ",2022-07-17 10:19:37.854267
Crayon Shin-chan,"
7.75
        ","
73K
        ",2022-07-17 10:19:37.854267
Pokemon (2019),"
7.21
        ","
66K
        ",2022-07-17 10:19:37.854267
Dragon Quest: Dai no Daibouken (2020),"
7.16
        ","
60K
        ",2022-07-17 10:19:37.854267
Kingdom 4th Season,"
8.80
        ","
32K
        ",2022-07-17 10:19:37.854267
Love All Play,"
6.29
        ","
29K
        ",2022-07-17 10:19:37.854267
Digimon Ghost Game,"
6.99
        ","
17K
        ",2022-07-17 10:19:37.854267
Doraemon (2005),"
7.62
        ","
17K
        ",2022-07-17 10:19:37.854267
Gudetama,"
7.05
        ","
11K
        ",2022-07-17 10:19:37.854267
Sazae-san,"
6.11
        ","
7.2K
        ",2022-07-17 10:19:37.854267
Atasha Kawashiri Kodama Da yo: Dangerous Lifehacker no Tadareta Seikatsu,"
5.65
        ","
6.7K
        ",2022-07-17 10:19:37.854267
Nintama Rantarou,"
7.08
        ","
6.6K
        ",2022-07-17 10:19:37.854267
Delicious Party♡Precure,"
7.29
        ","
6.2K
        ",2022-07-17 10:19:37.854267
Chibi Maruko-chan (1995),"
7.27
        ","
4.3K
        ",2022-07-17 10:19:37.854267
Waccha PriMagi!,"
6.63
        ","
4.0K
        ",2022-07-17 10:19:37.854267
Yu☆Gi☆Oh!: Go Rush!!,"
5.63
        ","
3.5K
        ",2022-07-17 10:19:37.854267
Shadowverse Flame,"
6.28
        ","
3.3K
        ",2022-07-17 10:19:37.854267
Sore Ike! Anpanman,"
6.56
        ","
3.1K
        ",2022-07-17 10:19:37.854267
My Daughter is a Zombie,"
N/A
        ","
2.8K
        ",2022-07-17 10:19:37.854267
Bonobono (TV 2016),"
6.41
        ","
2.7K
        ",2022-07-17 10:19:37.854267
Ninjala (TV),"
5.70
        ","
1.8K
        ",2022-07-17 10:19:37.854267
Ojarumaru,"
6.41
        ","
1.7K
        ",2022-07-17 10:19:37.854267
Youkai Watch ♪,"
6.26
        ","
1.7K
        ",2022-07-17 10:19:37.854267
Shikaru Neko,"
N/A
        ","
1.5K
        ",2022-07-17 10:19:37.854267
Fushigi Dagashiya: Zenitendou,"
6.04
        ","
1.3K
        ",2022-07-17 10:19:37.854267
Puzzle & Dragon,"
N/A
        ","
1.2K
        ",2022-07-17 10:19:37.854267
Mobile Suit Gundam: Iron-Blooded Orphans Special Edition,"
N/A
        ","
1.2K
        ",2022-07-17 10:19:37.854267
Chiikawa,"
5.73
        ","
1.1K
        ",2022-07-17 10:19:37.854267
Kamiusagi Rope: Warau Asa ni wa Fukuraitaru tte Maji ssuka!?,"
N/A
        ","
926
        ",2022-07-17 10:19:37.854267
Knyacki!,"
6.19
        ","
841
        ",2022-07-17 10:19:37.854267
Hanakappa,"
6.01
        ","
679
        ",2022-07-17 10:19:37.854267
Shiawase Haitatsu Taneko,"
N/A
        ","
673
        ",2022-07-17 10:19:37.854267
Uchuu Nanchara Kotetsu-kun,"
N/A
        ","
629
        ",2022-07-17 10:19:37.854267
Teikou Penguin,"
N/A
        ","
554
        ",2022-07-17 10:19:37.854267
Kirin the Noop,"
N/A
        ","
505
        ",2022-07-17 10:19:37.854267
Cap Kakumei Bottleman DX,"
N/A
        ","
477
        ",2022-07-17 10:19:37.854267
Shimajirou no Wow!,"
N/A
        ","
440
        ",2022-07-17 10:19:37.854267
Mori no Ratio,"
N/A
        ","
400
        ",2022-07-17 10:19:37.854267
Duel Masters King Max,"
N/A
        ","
398
        ",2022-07-17 10:19:37.854267
Manul no Yuube,"
N/A
        ","
397
        ",2022-07-17 10:19:37.854267
Gohan Kaijuu Pap,"
N/A
        ","
368
        ",2022-07-17 10:19:37.854267
Motto! Majime ni Fumajime Kaiketsu Zorori 3rd Season,"
N/A
        ","
350
        ",2022-07-17 10:19:37.854267
Yowamushi Monsters,"
N/A
        ","
350
        ",2022-07-17 10:19:37.854267
Bite-Choicar,"
N/A
        ","
334
        ",2022-07-17 10:19:37.854267
Norimono Man: Mobile Land no Car-kun,"
N/A
        ","
332
        ",2022-07-17 10:19:37.854267
Insect Land,"
N/A
        ","
322
        ",2022-07-17 10:19:37.854267
Robot Pulta,"
N/A
        ","
313
        ",2022-07-17 10:19:37.854267
Xi Yangyang Yu Hui Tailang: Juezhan Ci Shidai,"
N/A
        ","
310
        ",2022-07-17 10:19:37.854267
Konigiri-kun,"
N/A
        ","
278
        ",2022-07-17 10:19:37.854267
Liv & Bell,"
N/A
        ","
276
        ",2022-07-17 10:19:37.854267
Beads no Mori no Rabi,"
N/A
        ","
273
        ",2022-07-17 10:19:37.854267
Fuwafuwa Hour: Pui Pui & Muu Muu,"
N/A
        ","
270
        ",2022-07-17 10:19:37.854267
Otoppe,"
N/A
        ","
267
        ",2022-07-17 10:19:37.854267
Oidon to,"
N/A
        ","
244
        ",2022-07-17 10:19:37.854267
Keito no Yousei: Knit to Wool,"
N/A
        ","
236
        ",2022-07-17 10:19:37.854267
Unicorn no Kyupi,"
N/A
        ","
236
        ",2022-07-17 10:19:37.854267
Pakkororin,"
N/A
        ","
220
        ",2022-07-17 10:19:37.854267
Reizouko no Tsukenosuke!,"
N/A
        ","
205
        ",2022-07-17 10:19:37.854267
Origami Ninja Koyankinte,"
N/A
        ","
186
        ",2022-07-17 10:19:37.854267
Pororo Donghwanala,"
N/A
        ","
186
        ",2022-07-17 10:19:37.854267
Titipo Titipo 3,"
N/A
        ","
127
        ",2022-07-17 10:19:37.854267
Oshiri Tantei 6th Season,"
N/A
        ","
126
        ",2022-07-17 10:19:37.854267
Akikan no Tuna,"
N/A
        ","
51
        ",2022-07-17 10:19:37.854267
Recola,"
N/A
        ","
48
        ",2022-07-17 10:19:37.854267
JoJo no Kimyou na Bouken Part 6: Stone Ocean Part 2,"
N/A
        ","
67K
        ",2022-07-17 10:19:37.854267
Cyberpunk: Edgerunners,"
N/A
        ","
47K
        ",2022-07-17 10:19:37.854267
Kakegurui Twin,"
N/A
        ","
30K
        ",2022-07-17 10:19:37.854267
Bastard!! Ankoku no Hakaishin (ONA) Part 2,"
N/A
        ","
6.4K
        ",2022-07-17 10:19:37.854267
Overlord: Ple Ple Pleiades 4,"
6.41
        ","
6.0K
        ",2022-07-17 10:19:37.854267
Obey Me! Season 2,"
N/A
        ","
3.2K
        ",2022-07-17 10:19:37.854267
"Yowai 5000-nen no Soushoku Dragon, Iwarenaki Jaryuu Nintei","
N/A
        ","
2.6K
        ",2022-07-17 10:19:37.854267
Yi Nian Yong Heng: Chuan Cheng Pian,"
N/A
        ","
2.0K
        ",2022-07-17 10:19:37.854267
"Mori no Kuma-san, Toumin-chuu.","
N/A
        ","
1.9K
        ",2022-07-17 10:19:37.854267
Rilakkuma to Yuuenchi,"
N/A
        ","
1.5K
        ",2022-07-17 10:19:37.854267
Doupo Cangqiong: Nian Fan,"
N/A
        ","
1.5K
        ",2022-07-17 10:19:37.854267
Doupo Cangqiong: Yuanqi,"
N/A
        ","
1.1K
        ",2022-07-17 10:19:37.854267
Long Zu,"
N/A
        ","
849
        ",2022-07-17 10:19:37.854267
Meng Qi Shi Shen: Huanxi Zhui Hun,"
N/A
        ","
843
        ",2022-07-17 10:19:37.854267
Huanmeng Shan Hai Yao,"
N/A
        ","
726
        ",2022-07-17 10:19:37.854267
Jian Wang 3: Xia Gan Yi Dan Shen Jianxin 3rd Season,"
N/A
        ","
615
        ",2022-07-17 10:19:37.854267
Kao Ni La Zhanshen Xitong,"
N/A
        ","
497
        ",2022-07-17 10:19:37.854267
Hanhua Riji 3rd Season,"
N/A
        ","
458
        ",2022-07-17 10:19:37.854267
Shanghai Gushi,"
N/A
        ","
448
        ",2022-07-17 10:19:37.854267
Bai Yao Pu 3rd Season,"
N/A
        ","
425
        ",2022-07-17 10:19:37.854267
Knights of the Zodiac: Saint Seiya - Battle for Sanctuary,"
N/A
        ","
376
        ",2022-07-17 10:19:37.854267
Shaonian Baima Zui Chunfeng,"
N/A
        ","
376
        ",2022-07-17 10:19:37.854267
Sekai no Owari ni Shiba Inu to,"
N/A
        ","
266
        ",2022-07-17 10:19:37.854267
Shen Lan Qi Yu Wushuang Zhu,"
N/A
        ","
223
        ",2022-07-17 10:19:37.854267
Cang Lan Jue,"
N/A
        ","
217
        ",2022-07-17 10:19:37.854267
Wo Kao Chongzhi Dang Wudi,"
N/A
        ","
183
        ",2022-07-17 10:19:37.854267
Shen Mu,"
N/A
        ","
182
        ",2022-07-17 10:19:37.854267
Jidao Long Shen,"
N/A
        ","
164
        ",2022-07-17 10:19:37.854267
Juedai Shuang Jiao,"
N/A
        ","
161
        ",2022-07-17 10:19:37.854267
Hei Men,"
N/A
        ","
160
        ",2022-07-17 10:19:37.854267
Xian Wu Cangqiong,"
N/A
        ","
105
        ",2022-07-17 10:19:37.854267
Yangguang Kafei Ting Zhi Xin You Ji,"
N/A
        ","
96
        ",2022-07-17 10:19:37.854267
San Cun Renjian,"
N/A
        ","
71
        ",2022-07-17 10:19:37.854267
Shi Shaoxia Gunjue Hao Gudan,"
N/A
        ","
70
        ",2022-07-17 10:19:37.854267
Baozou Xia Ri,"
N/A
        ","
58
        ",2022-07-17 10:19:37.854267
Tuanzimen de Shiming,"
N/A
        ","
55
        ",2022-07-17 10:19:37.854267
Xing Yuan Zhi Zhu,"
N/A
        ","
52
        ",2022-07-17 10:19:37.854267
Zhanguo Qiannian,"
N/A
        ","
51
        ",2022-07-17 10:19:37.854267
Sasaki to Miyano: Koi ni Kizuku Mae no Chotto Shita Hanashi.,"
N/A
        ","
16K
        ",2022-07-17 10:19:37.854267
Arifureta Shokugyou de Sekai Saikyou: Maboroshi no Bouken to Kiseki no Kaigou,"
N/A
        ","
10.0K
        ",2022-07-17 10:19:37.854267
Seika Jogakuin Kounin Sao Ojisan,"
7.12
        ","
1.9K
        ",2022-07-17 10:19:37.854267
Natsuyasumi Ake no Kanojo wa...,"
5.62
        ","
1.0K
        ",2022-07-17 10:19:37.854267
Doukyuusei Remake The Animation,"
N/A
        ","
868
        ",2022-07-17 10:19:37.854267
Sleepless: A Midsummer Night's Dream - The Animation,"
N/A
        ","
704
        ",2022-07-17 10:19:37.854267
Summer: Inaka no Seikatsu,"
N/A
        ","
652
        ",2022-07-17 10:19:37.854267
Kitsune Musume no Ecchi na Oyado,"
N/A
        ","
490
        ",2022-07-17 10:19:37.854267
Iinchou wa Saimin Appli wo Shinjiteru.,"
N/A
        ","
424
        ",2022-07-17 10:19:37.854267
Korashime 2: Kyouikuteki Depaga Shidou,"
N/A
        ","
346
        ",2022-07-17 10:19:37.854267
Haji+ Shinchishin,"
N/A
        ","
337
        ",2022-07-17 10:19:37.854267
Boku wa Chiisana Succubus no Shimobe,"
N/A
        ","
245
        ",2022-07-17 10:19:37.854267
Renseijutsushi Colette no H na Sakusei Monogatari,"
N/A
        ","
237
        ",2022-07-17 10:19:37.854267
One Piece Film: Red,"
N/A
        ","
51K
        ",2022-07-17 10:19:37.854267
Sword Art Online: Progressive Movie - Kuraki Yuuyami no Scherzo,"
N/A
        ","
46K
        ",2022-07-17 10:19:37.854267
Yuru Camp△ Movie,"
7.49
        ","
45K
        ",2022-07-17 10:19:37.854267
"Natsu e no Tunnel, Sayonara no Deguchi","
N/A
        ","
25K
        ",2022-07-17 10:19:37.854267
Tsurune Movie: Hajimari no Issha,"
N/A
        ","
14K
        ",2022-07-17 10:19:37.854267
Bakuten!! Movie,"
N/A
        ","
14K
        ",2022-07-17 10:19:37.854267
Ame wo Tsugeru Hyouryuu Danchi,"
N/A
        ","
10K
        ",2022-07-17 10:19:37.854267
Ginga Eiyuu Densetsu: Die Neue These - Sakubou,"
N/A
        ","
4.8K
        ",2022-07-17 10:19:37.854267
Uta no☆Prince-sama♪ Movie: Maji Love ST☆RISH Tours,"
N/A
        ","
3.7K
        ",2022-07-17 10:19:37.854267
Osomatsu-san: Hipipo-Zoku to Kagayaku Kajitsu,"
N/A
        ","
1.4K
        ",2022-07-17 10:19:37.854267
Gundam: G no Reconguista Movie IV - Gekitou ni Sakebu Ai,"
N/A
        ","
916
        ",2022-07-17 10:19:37.854267
Gundam: G no Reconguista Movie V - Shisen wo Koete,"
N/A
        ","
894
        ",2022-07-17 10:19:37.854267
Delicious Party♡Precure (Movie),"
N/A
        ","
449
        ",2022-07-17 10:19:37.854267
Chong Chu Diqiu,"
N/A
        ","
186
        ",2022-07-17 10:19:37.854267
Zannen na Ikimono Jiten the Movie,"
N/A
        ","
105
        ",2022-07-17 10:19:37.854267
Dr. Stone: Ryuusui,"
8.43
        ","
105K
        ",2022-07-17 10:19:37.854267
RWBY: Hyousetsu Teikoku,"
7.36
        ","
51K
        ",2022-07-17 10:19:37.854267
Dungeon ni Deai wo Motomeru no wa Machigatteiru Darou ka IV Episode 0,"
6.41
        ","
8.6K
        ",2022-07-17 10:19:37.854267
D4DJ: Double Mix,"
N/A
        ","
2.5K
        ",2022-07-17 10:19:37.854267
BanG Dream! Morfonication,"
N/A
        ","
2.3K
        ",2022-07-17 10:19:37.854267
Mobile Suit Gundam: The Witch from Mercury - Prologue,"
N/A
        ","
931
        ",2022-07-17 10:19:37.854267
Midori no Makibao: Owaranai Chоusen!!,"
N/A
        ","
62
        ",2022-07-17 10:19:37.854267
Tonikaku Kawaii: Seifuku,"
N/A
        ","
37K
        ",2022-07-17 10:19:37.854267
Yojouhan Time Machine Blues,"
N/A
        ","
16K
        ",2022-07-17 10:19:37.854267
Hataraku Maou-sama!!,"
7.76
        ","
291K
        ",2022-07-16 23:38:41.977858
"Kanojo, Okarishimasu 2nd Season","
6.71
        ","
266K
        ",2022-07-16 23:38:41.977858
Overlord IV,"
8.32
        ","
261K
        ",2022-07-16 23:38:41.977858
Youkoso Jitsuryoku Shijou Shugi no Kyoushitsu e (TV) 2nd Season,"
8.13
        ","
210K
        ",2022-07-16 23:38:41.977858
Made in Abyss: Retsujitsu no Ougonkyou,"
8.77
        ","
209K
        ",2022-07-16 23:38:41.977858
Yofukashi no Uta,"
8.04
        ","
201K
        ",2022-07-16 23:38:41.977858
Dungeon ni Deai wo Motomeru no wa Machigatteiru Darou ka IV: Shin Shou - Meikyuu-hen,"
N/A
        ","
159K
        ",2022-07-16 23:38:41.977858
Mamahaha no Tsurego ga Motokano datta,"
7.28
        ","
113K
        ",2022-07-16 23:38:41.977858
Isekai Meikyuu de Harem wo,"
7.12
        ","
92K
        ",2022-07-16 23:38:41.977858
Engage Kiss,"
7.29
        ","
92K
        ",2022-07-16 23:38:41.977858
Kinsou no Vermeil: Gakeppuchi Majutsushi wa Saikyou no Yakusai to Mahou Sekai wo Tsukisusumu,"
7.30
        ","
90K
        ",2022-07-16 23:38:41.977858
"Tensei Kenja no Isekai Life: Dai-2 no Shokugyou wo Ete, Sekai Saikyou ni Narimashita","
6.66
        ","
90K
        ",2022-07-16 23:38:41.977858
Soredemo Ayumu wa Yosetekuru,"
7.41
        ","
86K
        ",2022-07-16 23:38:41.977858
Lycoris Recoil,"
8.01
        ","
80K
        ",2022-07-16 23:38:41.977858
Isekai Ojisan,"
7.93
        ","
78K
        ",2022-07-16 23:38:41.977858
Kumichou Musume to Sewagakari,"
7.84
        ","
64K
        ",2022-07-16 23:38:41.977858
Shadows House 2nd Season,"
7.88
        ","
57K
        ",2022-07-16 23:38:41.977858
Kuro no Shoukanshi,"
7.19
        ","
45K
        ",2022-07-16 23:38:41.977858
Isekai Yakkyoku,"
7.64
        ","
44K
        ",2022-07-16 23:38:41.977858
Saikin Yatotta Maid ga Ayashii,"
N/A
        ","
42K
        ",2022-07-16 23:38:41.977858
Hoshi no Samidare,"
6.21
        ","
31K
        ",2022-07-16 23:38:41.977858
Tokyo Mew Mew New ♡,"
7.02
        ","
29K
        ",2022-07-16 23:38:41.977858
Orient: Awajishima Gekitou-hen,"
7.16
        ","
21K
        ",2022-07-16 23:38:41.977858
Utawarerumono: Futari no Hakuoro,"
7.28
        ","
21K
        ",2022-07-16 23:38:41.977858
Jashin-chan Dropkick X,"
7.67
        ","
18K
        ",2022-07-16 23:38:41.977858
Bucchigire!,"
6.50
        ","
17K
        ",2022-07-16 23:38:41.977858
Renmei Kuugun Koukuu Mahou Ongakutai Luminous Witches,"
6.69
        ","
17K
        ",2022-07-16 23:38:41.977858
Love Live! Superstar!! 2nd Season,"
N/A
        ","
15K
        ",2022-07-16 23:38:41.977858
Fuuto Tantei,"
N/A
        ","
14K
        ",2022-07-16 23:38:41.977858
Prima Doll,"
6.79
        ","
14K
        ",2022-07-16 23:38:41.977858
Warau Arsnotoria Sun!,"
6.22
        ","
13K
        ",2022-07-16 23:38:41.977858
Kami Kuzu☆Idol,"
6.69
        ","
12K
        ",2022-07-16 23:38:41.977858
Yurei Deco,"
6.41
        ","
11K
        ",2022-07-16 23:38:41.977858
Teppen!!!!!!!!!!!!!!!,"
6.30
        ","
10K
        ",2022-07-16 23:38:41.977858
Shoot! Goal to the Future,"
5.24
        ","
8.7K
        ",2022-07-16 23:38:41.977858
Musashino!,"
4.81
        ","
7.8K
        ",2022-07-16 23:38:41.977858
Shin Tennis no Ouji-sama: U-17 World Cup,"
7.17
        ","
7.3K
        ",2022-07-16 23:38:41.977858
KJ File,"
N/A
        ","
6.7K
        ",2022-07-16 23:38:41.977858
Extreme Hearts,"
6.26
        ","
6.0K
        ",2022-07-16 23:38:41.977858
Shine Post,"
6.78
        ","
6.0K
        ",2022-07-16 23:38:41.977858
Yoru wa Neko to Issho,"
N/A
        ","
3.7K
        ",2022-07-16 23:38:41.977858
Cardfight!! Vanguard: will+Dress,"
6.56
        ","
2.5K
        ",2022-07-16 23:38:41.977858
Chimimo,"
6.30
        ","
2.1K
        ",2022-07-16 23:38:41.977858
Hanabi-chan wa Okuregachi,"
5.99
        ","
2.1K
        ",2022-07-16 23:38:41.977858
Xin Weiqi Shaonian,"
N/A
        ","
491
        ",2022-07-16 23:38:41.977858
Iii Icecrin Double,"
N/A
        ","
173
        ",2022-07-16 23:38:41.977858
Sakuretsu! Amabie-hime.,"
N/A
        ","
37
        ",2022-07-16 23:38:41.977858
One Piece,"
8.65
        ","
1.9M
        ",2022-07-16 23:38:41.977858
Boruto: Naruto Next Generations,"
5.81
        ","
761K
        ",2022-07-16 23:38:41.977858
Detective Conan,"
8.16
        ","
312K
        ",2022-07-16 23:38:41.977858
Summertime Render,"
8.41
        ","
226K
        ",2022-07-16 23:38:41.977858
Kakkou no Iinazuke,"
7.32
        ","
171K
        ",2022-07-16 23:38:41.977858
Ao Ashi,"
8.04
        ","
98K
        ",2022-07-16 23:38:41.977858
Crayon Shin-chan,"
7.75
        ","
73K
        ",2022-07-16 23:38:41.977858
Pokemon (2019),"
7.21
        ","
66K
        ",2022-07-16 23:38:41.977858
Dragon Quest: Dai no Daibouken (2020),"
7.16
        ","
60K
        ",2022-07-16 23:38:41.977858
Kingdom 4th Season,"
8.81
        ","
32K
        ",2022-07-16 23:38:41.977858
Love All Play,"
6.29
        ","
29K
        ",2022-07-16 23:38:41.977858
Digimon Ghost Game,"
6.99
        ","
17K
        ",2022-07-16 23:38:41.977858
Doraemon (2005),"
7.62
        ","
17K
        ",2022-07-16 23:38:41.977858
Gudetama,"
7.05
        ","
11K
        ",2022-07-16 23:38:41.977858
Sazae-san,"
6.11
        ","
7.2K
        ",2022-07-16 23:38:41.977858
Atasha Kawashiri Kodama Da yo: Dangerous Lifehacker no Tadareta Seikatsu,"
5.64
        ","
6.7K
        ",2022-07-16 23:38:41.977858
Nintama Rantarou,"
7.08
        ","
6.6K
        ",2022-07-16 23:38:41.977858
Delicious Party♡Precure,"
7.30
        ","
6.2K
        ",2022-07-16 23:38:41.977858
Chibi Maruko-chan (1995),"
7.27
        ","
4.3K
        ",2022-07-16 23:38:41.977858
Waccha PriMagi!,"
6.63
        ","
4.0K
        ",2022-07-16 23:38:41.977858
Yu☆Gi☆Oh!: Go Rush!!,"
5.63
        ","
3.5K
        ",2022-07-16 23:38:41.977858
Shadowverse Flame,"
6.28
        ","
3.3K
        ",2022-07-16 23:38:41.977858
Sore Ike! Anpanman,"
6.56
        ","
3.1K
        ",2022-07-16 23:38:41.977858
My Daughter is a Zombie,"
N/A
        ","
2.8K
        ",2022-07-16 23:38:41.977858
Bonobono (TV 2016),"
6.41
        ","
2.7K
        ",2022-07-16 23:38:41.977858
Ninjala (TV),"
5.70
        ","
1.8K
        ",2022-07-16 23:38:41.977858
Ojarumaru,"
6.41
        ","
1.7K
        ",2022-07-16 23:38:41.977858
Youkai Watch ♪,"
6.26
        ","
1.7K
        ",2022-07-16 23:38:41.977858
Shikaru Neko,"
N/A
        ","
1.5K
        ",2022-07-16 23:38:41.977858
Fushigi Dagashiya: Zenitendou,"
6.04
        ","
1.3K
        ",2022-07-16 23:38:41.977858
Puzzle & Dragon,"
N/A
        ","
1.2K
        ",2022-07-16 23:38:41.977858
Mobile Suit Gundam: Iron-Blooded Orphans Special Edition,"
N/A
        ","
1.2K
        ",2022-07-16 23:38:41.977858
Chiikawa,"
5.73
        ","
1.1K
        ",2022-07-16 23:38:41.977858
Kamiusagi Rope: Warau Asa ni wa Fukuraitaru tte Maji ssuka!?,"
N/A
        ","
926
        ",2022-07-16 23:38:41.977858
Knyacki!,"
6.19
        ","
841
        ",2022-07-16 23:38:41.977858
Hanakappa,"
6.01
        ","
679
        ",2022-07-16 23:38:41.977858
Shiawase Haitatsu Taneko,"
N/A
        ","
673
        ",2022-07-16 23:38:41.977858
Uchuu Nanchara Kotetsu-kun,"
N/A
        ","
629
        ",2022-07-16 23:38:41.977858
Teikou Penguin,"
N/A
        ","
554
        ",2022-07-16 23:38:41.977858
Kirin the Noop,"
N/A
        ","
505
        ",2022-07-16 23:38:41.977858
Cap Kakumei Bottleman DX,"
N/A
        ","
477
        ",2022-07-16 23:38:41.977858
Shimajirou no Wow!,"
N/A
        ","
440
        ",2022-07-16 23:38:41.977858
Mori no Ratio,"
N/A
        ","
400
        ",2022-07-16 23:38:41.977858
Duel Masters King Max,"
N/A
        ","
398
        ",2022-07-16 23:38:41.977858
Manul no Yuube,"
N/A
        ","
397
        ",2022-07-16 23:38:41.977858
Gohan Kaijuu Pap,"
N/A
        ","
368
        ",2022-07-16 23:38:41.977858
Motto! Majime ni Fumajime Kaiketsu Zorori 3rd Season,"
N/A
        ","
350
        ",2022-07-16 23:38:41.977858
Yowamushi Monsters,"
N/A
        ","
350
        ",2022-07-16 23:38:41.977858
Bite-Choicar,"
N/A
        ","
334
        ",2022-07-16 23:38:41.977858
Norimono Man: Mobile Land no Car-kun,"
N/A
        ","
332
        ",2022-07-16 23:38:41.977858
Insect Land,"
N/A
        ","
322
        ",2022-07-16 23:38:41.977858
Robot Pulta,"
N/A
        ","
313
        ",2022-07-16 23:38:41.977858
Xi Yangyang Yu Hui Tailang: Juezhan Ci Shidai,"
N/A
        ","
310
        ",2022-07-16 23:38:41.977858
Konigiri-kun,"
N/A
        ","
278
        ",2022-07-16 23:38:41.977858
Liv & Bell,"
N/A
        ","
276
        ",2022-07-16 23:38:41.977858
Beads no Mori no Rabi,"
N/A
        ","
273
        ",2022-07-16 23:38:41.977858
Fuwafuwa Hour: Pui Pui & Muu Muu,"
N/A
        ","
270
        ",2022-07-16 23:38:41.977858
Otoppe,"
N/A
        ","
267
        ",2022-07-16 23:38:41.977858
Oidon to,"
N/A
        ","
244
        ",2022-07-16 23:38:41.977858
Keito no Yousei: Knit to Wool,"
N/A
        ","
236
        ",2022-07-16 23:38:41.977858
Unicorn no Kyupi,"
N/A
        ","
236
        ",2022-07-16 23:38:41.977858
Onigiri ni Naritai Cogimyun,"
N/A
        ","
225
        ",2022-07-16 23:38:41.977858
Pakkororin,"
N/A
        ","
220
        ",2022-07-16 23:38:41.977858
Reizouko no Tsukenosuke!,"
N/A
        ","
205
        ",2022-07-16 23:38:41.977858
Origami Ninja Koyankinte,"
N/A
        ","
186
        ",2022-07-16 23:38:41.977858
Pororo Donghwanala,"
N/A
        ","
186
        ",2022-07-16 23:38:41.977858
Oshiri Tantei 6th Season,"
N/A
        ","
127
        ",2022-07-16 23:38:41.977858
Titipo Titipo 3,"
N/A
        ","
127
        ",2022-07-16 23:38:41.977858
Akikan no Tuna,"
N/A
        ","
51
        ",2022-07-16 23:38:41.977858
Recola,"
N/A
        ","
47
        ",2022-07-16 23:38:41.977858
JoJo no Kimyou na Bouken Part 6: Stone Ocean Part 2,"
N/A
        ","
67K
        ",2022-07-16 23:38:41.977858
Cyberpunk: Edgerunners,"
N/A
        ","
47K
        ",2022-07-16 23:38:41.977858
Kakegurui Twin,"
N/A
        ","
30K
        ",2022-07-16 23:38:41.977858
Bastard!! Ankoku no Hakaishin (ONA) Part 2,"
N/A
        ","
6.3K
        ",2022-07-16 23:38:41.977858
Overlord: Ple Ple Pleiades 4,"
6.41
        ","
6.0K
        ",2022-07-16 23:38:41.977858
Obey Me! Season 2,"
N/A
        ","
3.2K
        ",2022-07-16 23:38:41.977858
"Yowai 5000-nen no Soushoku Dragon, Iwarenaki Jaryuu Nintei","
N/A
        ","
2.5K
        ",2022-07-16 23:38:41.977858
Yi Nian Yong Heng: Chuan Cheng Pian,"
N/A
        ","
2.0K
        ",2022-07-16 23:38:41.977858
"Mori no Kuma-san, Toumin-chuu.","
N/A
        ","
1.9K
        ",2022-07-16 23:38:41.977858
Rilakkuma to Yuuenchi,"
N/A
        ","
1.5K
        ",2022-07-16 23:38:41.977858
Doupo Cangqiong: Nian Fan,"
N/A
        ","
1.4K
        ",2022-07-16 23:38:41.977858
Doupo Cangqiong: Yuanqi,"
N/A
        ","
1.1K
        ",2022-07-16 23:38:41.977858
Long Zu,"
N/A
        ","
842
        ",2022-07-16 23:38:41.977858
Meng Qi Shi Shen: Huanxi Zhui Hun,"
N/A
        ","
829
        ",2022-07-16 23:38:41.977858
Huanmeng Shan Hai Yao,"
N/A
        ","
722
        ",2022-07-16 23:38:41.977858
Jian Wang 3: Xia Gan Yi Dan Shen Jianxin 3rd Season,"
N/A
        ","
615
        ",2022-07-16 23:38:41.977858
Kao Ni La Zhanshen Xitong,"
N/A
        ","
492
        ",2022-07-16 23:38:41.977858
Hanhua Riji 3rd Season,"
N/A
        ","
456
        ",2022-07-16 23:38:41.977858
Shanghai Gushi,"
N/A
        ","
441
        ",2022-07-16 23:38:41.977858
Bai Yao Pu 3rd Season,"
N/A
        ","
420
        ",2022-07-16 23:38:41.977858
Shaonian Baima Zui Chunfeng,"
N/A
        ","
375
        ",2022-07-16 23:38:41.977858
Knights of the Zodiac: Saint Seiya - Battle for Sanctuary,"
N/A
        ","
373
        ",2022-07-16 23:38:41.977858
Sekai no Owari ni Shiba Inu to,"
N/A
        ","
259
        ",2022-07-16 23:38:41.977858
Cang Lan Jue,"
N/A
        ","
211
        ",2022-07-16 23:38:41.977858
Shen Mu,"
N/A
        ","
181
        ",2022-07-16 23:38:41.977858
Wo Kao Chongzhi Dang Wudi,"
N/A
        ","
180
        ",2022-07-16 23:38:41.977858
Jidao Long Shen,"
N/A
        ","
161
        ",2022-07-16 23:38:41.977858
Juedai Shuang Jiao,"
N/A
        ","
160
        ",2022-07-16 23:38:41.977858
Hei Men,"
N/A
        ","
159
        ",2022-07-16 23:38:41.977858
Xian Wu Cangqiong,"
N/A
        ","
101
        ",2022-07-16 23:38:41.977858
Yangguang Kafei Ting Zhi Xin You Ji,"
N/A
        ","
93
        ",2022-07-16 23:38:41.977858
San Cun Renjian,"
N/A
        ","
71
        ",2022-07-16 23:38:41.977858
Shi Shaoxia Gunjue Hao Gudan,"
N/A
        ","
67
        ",2022-07-16 23:38:41.977858
Baozou Xia Ri,"
N/A
        ","
58
        ",2022-07-16 23:38:41.977858
Tuanzimen de Shiming,"
N/A
        ","
55
        ",2022-07-16 23:38:41.977858
Xing Yuan Zhi Zhu,"
N/A
        ","
51
        ",2022-07-16 23:38:41.977858
Zhanguo Qiannian,"
N/A
        ","
50
        ",2022-07-16 23:38:41.977858
Sasaki to Miyano: Koi ni Kizuku Mae no Chotto Shita Hanashi.,"
N/A
        ","
16K
        ",2022-07-16 23:38:41.977858
Arifureta Shokugyou de Sekai Saikyou: Maboroshi no Bouken to Kiseki no Kaigou,"
N/A
        ","
9.9K
        ",2022-07-16 23:38:41.977858
Seika Jogakuin Kounin Sao Ojisan,"
7.12
        ","
1.9K
        ",2022-07-16 23:38:41.977858
Natsuyasumi Ake no Kanojo wa...,"
5.57
        ","
1.0K
        ",2022-07-16 23:38:41.977858
Doukyuusei Remake The Animation,"
N/A
        ","
865
        ",2022-07-16 23:38:41.977858
Sleepless: A Midsummer Night's Dream - The Animation,"
N/A
        ","
703
        ",2022-07-16 23:38:41.977858
Summer: Inaka no Seikatsu,"
N/A
        ","
651
        ",2022-07-16 23:38:41.977858
Kitsune Musume no Ecchi na Oyado,"
N/A
        ","
487
        ",2022-07-16 23:38:41.977858
Iinchou wa Saimin Appli wo Shinjiteru.,"
N/A
        ","
416
        ",2022-07-16 23:38:41.977858
Korashime 2: Kyouikuteki Depaga Shidou,"
N/A
        ","
340
        ",2022-07-16 23:38:41.977858
Haji+ Shinchishin,"
N/A
        ","
333
        ",2022-07-16 23:38:41.977858
Boku wa Chiisana Succubus no Shimobe,"
N/A
        ","
238
        ",2022-07-16 23:38:41.977858
Renseijutsushi Colette no H na Sakusei Monogatari,"
N/A
        ","
233
        ",2022-07-16 23:38:41.977858
One Piece Film: Red,"
N/A
        ","
51K
        ",2022-07-16 23:38:41.977858
Sword Art Online: Progressive Movie - Kuraki Yuuyami no Scherzo,"
N/A
        ","
46K
        ",2022-07-16 23:38:41.977858
Yuru Camp△ Movie,"
7.48
        ","
45K
        ",2022-07-16 23:38:41.977858
"Natsu e no Tunnel, Sayonara no Deguchi","
N/A
        ","
25K
        ",2022-07-16 23:38:41.977858
Tsurune Movie: Hajimari no Issha,"
N/A
        ","
14K
        ",2022-07-16 23:38:41.977858
Bakuten!! Movie,"
N/A
        ","
14K
        ",2022-07-16 23:38:41.977858
Ame wo Tsugeru Hyouryuu Danchi,"
N/A
        ","
10K
        ",2022-07-16 23:38:41.977858
Ginga Eiyuu Densetsu: Die Neue These - Sakubou,"
N/A
        ","
4.8K
        ",2022-07-16 23:38:41.977858
Uta no☆Prince-sama♪ Movie: Maji Love ST☆RISH Tours,"
N/A
        ","
3.7K
        ",2022-07-16 23:38:41.977858
Osomatsu-san: Hipipo-Zoku to Kagayaku Kajitsu,"
N/A
        ","
1.4K
        ",2022-07-16 23:38:41.977858
Gundam: G no Reconguista Movie IV - Gekitou ni Sakebu Ai,"
N/A
        ","
915
        ",2022-07-16 23:38:41.977858
Gundam: G no Reconguista Movie V - Shisen wo Koete,"
N/A
        ","
894
        ",2022-07-16 23:38:41.977858
Delicious Party♡Precure (Movie),"
N/A
        ","
448
        ",2022-07-16 23:38:41.977858
Chong Chu Diqiu,"
N/A
        ","
186
        ",2022-07-16 23:38:41.977858
Zannen na Ikimono Jiten the Movie,"
N/A
        ","
105
        ",2022-07-16 23:38:41.977858
Dr. Stone: Ryuusui,"
8.43
        ","
105K
        ",2022-07-16 23:38:41.977858
RWBY: Hyousetsu Teikoku,"
7.36
        ","
51K
        ",2022-07-16 23:38:41.977858
Dungeon ni Deai wo Motomeru no wa Machigatteiru Darou ka IV Episode 0,"
6.41
        ","
8.5K
        ",2022-07-16 23:38:41.977858
D4DJ: Double Mix,"
N/A
        ","
2.5K
        ",2022-07-16 23:38:41.977858
BanG Dream! Morfonication,"
N/A
        ","
2.3K
        ",2022-07-16 23:38:41.977858
Mobile Suit Gundam: The Witch from Mercury - Prologue,"
N/A
        ","
889
        ",2022-07-16 23:38:41.977858
Midori no Makibao: Owaranai Chоusen!!,"
N/A
        ","
62
        ",2022-07-16 23:38:41.977858
Tonikaku Kawaii: Seifuku,"
N/A
        ","
37K
        ",2022-07-16 23:38:41.977858
Yojouhan Time Machine Blues,"
N/A
        ","
16K
        ",2022-07-16 23:38:41.977858
Hataraku Maou-sama!!,"
7.81
        ","
283K
        ",2022-07-14 21:19:55.101491
"Kanojo, Okarishimasu 2nd Season","
6.76
        ","
263K
        ",2022-07-14 21:19:55.101491
Overlord IV,"
8.32
        ","
257K
        ",2022-07-14 21:19:55.101491
Made in Abyss: Retsujitsu no Ougonkyou,"
8.77
        ","
206K
        ",2022-07-14 21:19:55.101491
Youkoso Jitsuryoku Shijou Shugi no Kyoushitsu e (TV) 2nd Season,"
8.15
        ","
205K
        ",2022-07-14 21:19:55.101491
Yofukashi no Uta,"
8.03
        ","
191K
        ",2022-07-14 21:19:55.101491
Dungeon ni Deai wo Motomeru no wa Machigatteiru Darou ka IV: Shin Shou - Meikyuu-hen,"
N/A
        ","
158K
        ",2022-07-14 21:19:55.101491
Mamahaha no Tsurego ga Motokano datta,"
7.28
        ","
109K
        ",2022-07-14 21:19:55.101491
Isekai Meikyuu de Harem wo,"
7.15
        ","
89K
        ",2022-07-14 21:19:55.101491
Engage Kiss,"
7.30
        ","
89K
        ",2022-07-14 21:19:55.101491
"Tensei Kenja no Isekai Life: Dai-2 no Shokugyou wo Ete, Sekai Saikyou ni Narimashita","
6.67
        ","
88K
        ",2022-07-14 21:19:55.101491
Kinsou no Vermeil: Gakeppuchi Majutsushi wa Saikyou no Yakusai to Mahou Sekai wo Tsukisusumu,"
7.32
        ","
86K
        ",2022-07-14 21:19:55.101491
Soredemo Ayumu wa Yosetekuru,"
7.41
        ","
83K
        ",2022-07-14 21:19:55.101491
Isekai Ojisan,"
7.93
        ","
74K
        ",2022-07-14 21:19:55.101491
Lycoris Recoil,"
7.94
        ","
73K
        ",2022-07-14 21:19:55.101491
Kumichou Musume to Sewagakari,"
7.79
        ","
59K
        ",2022-07-14 21:19:55.101491
Shadows House 2nd Season,"
7.86
        ","
56K
        ",2022-07-14 21:19:55.101491
Kuro no Shoukanshi,"
7.19
        ","
42K
        ",2022-07-14 21:19:55.101491
Saikin Yatotta Maid ga Ayashii,"
N/A
        ","
41K
        ",2022-07-14 21:19:55.101491
Isekai Yakkyoku,"
7.64
        ","
41K
        ",2022-07-14 21:19:55.101491
Hoshi no Samidare,"
6.33
        ","
30K
        ",2022-07-14 21:19:55.101491
Tokyo Mew Mew New ♡,"
7.03
        ","
28K
        ",2022-07-14 21:19:55.101491
Utawarerumono: Futari no Hakuoro,"
7.27
        ","
21K
        ",2022-07-14 21:19:55.101491
Orient: Awajishima Gekitou-hen,"
7.13
        ","
21K
        ",2022-07-14 21:19:55.101491
Jashin-chan Dropkick X,"
7.67
        ","
18K
        ",2022-07-14 21:19:55.101491
Renmei Kuugun Koukuu Mahou Ongakutai Luminous Witches,"
6.69
        ","
17K
        ",2022-07-14 21:19:55.101491
Bucchigire!,"
6.54
        ","
16K
        ",2022-07-14 21:19:55.101491
Love Live! Superstar!! 2nd Season,"
N/A
        ","
15K
        ",2022-07-14 21:19:55.101491
Fuuto Tantei,"
N/A
        ","
14K
        ",2022-07-14 21:19:55.101491
Prima Doll,"
6.82
        ","
13K
        ",2022-07-14 21:19:55.101491
Warau Arsnotoria Sun!,"
6.23
        ","
12K
        ",2022-07-14 21:19:55.101491
Kami Kuzu☆Idol,"
6.69
        ","
12K
        ",2022-07-14 21:19:55.101491
Yurei Deco,"
6.41
        ","
11K
        ",2022-07-14 21:19:55.101491
Teppen!!!!!!!!!!!!!!!,"
6.36
        ","
10K
        ",2022-07-14 21:19:55.101491
Shoot! Goal to the Future,"
5.27
        ","
8.5K
        ",2022-07-14 21:19:55.101491
Musashino!,"
4.56
        ","
7.7K
        ",2022-07-14 21:19:55.101491
Shin Tennis no Ouji-sama: U-17 World Cup,"
7.03
        ","
7.2K
        ",2022-07-14 21:19:55.101491
KJ File,"
N/A
        ","
6.6K
        ",2022-07-14 21:19:55.101491
Extreme Hearts,"
6.31
        ","
5.8K
        ",2022-07-14 21:19:55.101491
Shine Post,"
6.71
        ","
5.6K
        ",2022-07-14 21:19:55.101491
Yoru wa Neko to Issho,"
N/A
        ","
3.6K
        ",2022-07-14 21:19:55.101491
Cardfight!! Vanguard: will+Dress,"
6.55
        ","
2.4K
        ",2022-07-14 21:19:55.101491
Chimimo,"
6.29
        ","
2.0K
        ",2022-07-14 21:19:55.101491
Hanabi-chan wa Okuregachi,"
6.04
        ","
2.0K
        ",2022-07-14 21:19:55.101491
Xin Weiqi Shaonian,"
N/A
        ","
476
        ",2022-07-14 21:19:55.101491
Iii Icecrin Double,"
N/A
        ","
170
        ",2022-07-14 21:19:55.101491
Sakuretsu! Amabie-hime.,"
N/A
        ","
16
        ",2022-07-14 21:19:55.101491
One Piece,"
8.65
        ","
1.9M
        ",2022-07-14 21:19:55.101491
Boruto: Naruto Next Generations,"
5.81
        ","
760K
        ",2022-07-14 21:19:55.101491
Detective Conan,"
8.16
        ","
312K
        ",2022-07-14 21:19:55.101491
Summertime Render,"
8.41
        ","
224K
        ",2022-07-14 21:19:55.101491
Kakkou no Iinazuke,"
7.33
        ","
170K
        ",2022-07-14 21:19:55.101491
Ao Ashi,"
8.03
        ","
97K
        ",2022-07-14 21:19:55.101491
Crayon Shin-chan,"
7.75
        ","
73K
        ",2022-07-14 21:19:55.101491
Pokemon (2019),"
7.21
        ","
66K
        ",2022-07-14 21:19:55.101491
Dragon Quest: Dai no Daibouken (2020),"
7.16
        ","
60K
        ",2022-07-14 21:19:55.101491
Kingdom 4th Season,"
8.80
        ","
32K
        ",2022-07-14 21:19:55.101491
Love All Play,"
6.30
        ","
29K
        ",2022-07-14 21:19:55.101491
Digimon Ghost Game,"
6.99
        ","
17K
        ",2022-07-14 21:19:55.101491
Doraemon (2005),"
7.62
        ","
17K
        ",2022-07-14 21:19:55.101491
Gudetama,"
7.05
        ","
11K
        ",2022-07-14 21:19:55.101491
Sazae-san,"
6.11
        ","
7.2K
        ",2022-07-14 21:19:55.101491
Atasha Kawashiri Kodama Da yo: Dangerous Lifehacker no Tadareta Seikatsu,"
5.65
        ","
6.6K
        ",2022-07-14 21:19:55.101491
Nintama Rantarou,"
7.08
        ","
6.6K
        ",2022-07-14 21:19:55.101491
Delicious Party♡Precure,"
7.30
        ","
6.1K
        ",2022-07-14 21:19:55.101491
Chibi Maruko-chan (1995),"
7.27
        ","
4.3K
        ",2022-07-14 21:19:55.101491
Waccha PriMagi!,"
6.63
        ","
4.0K
        ",2022-07-14 21:19:55.101491
Yu☆Gi☆Oh!: Go Rush!!,"
5.64
        ","
3.5K
        ",2022-07-14 21:19:55.101491
Shadowverse Flame,"
6.26
        ","
3.3K
        ",2022-07-14 21:19:55.101491
Sore Ike! Anpanman,"
6.57
        ","
3.1K
        ",2022-07-14 21:19:55.101491
Bonobono (TV 2016),"
6.41
        ","
2.7K
        ",2022-07-14 21:19:55.101491
My Daughter is a Zombie,"
N/A
        ","
2.7K
        ",2022-07-14 21:19:55.101491
Ninjala (TV),"
5.67
        ","
1.8K
        ",2022-07-14 21:19:55.101491
Ojarumaru,"
6.41
        ","
1.7K
        ",2022-07-14 21:19:55.101491
Youkai Watch ♪,"
6.26
        ","
1.7K
        ",2022-07-14 21:19:55.101491
Shikaru Neko,"
N/A
        ","
1.5K
        ",2022-07-14 21:19:55.101491
Fushigi Dagashiya: Zenitendou,"
6.04
        ","
1.3K
        ",2022-07-14 21:19:55.101491
Puzzle & Dragon,"
N/A
        ","
1.2K
        ",2022-07-14 21:19:55.101491
Mobile Suit Gundam: Iron-Blooded Orphans Special Edition,"
N/A
        ","
1.2K
        ",2022-07-14 21:19:55.101491
Chiikawa,"
5.73
        ","
1.1K
        ",2022-07-14 21:19:55.101491
Kamiusagi Rope: Warau Asa ni wa Fukuraitaru tte Maji ssuka!?,"
N/A
        ","
924
        ",2022-07-14 21:19:55.101491
Knyacki!,"
6.19
        ","
840
        ",2022-07-14 21:19:55.101491
Hanakappa,"
6.02
        ","
680
        ",2022-07-14 21:19:55.101491
Shiawase Haitatsu Taneko,"
N/A
        ","
671
        ",2022-07-14 21:19:55.101491
Uchuu Nanchara Kotetsu-kun,"
N/A
        ","
627
        ",2022-07-14 21:19:55.101491
Teikou Penguin,"
N/A
        ","
551
        ",2022-07-14 21:19:55.101491
Kirin the Noop,"
N/A
        ","
503
        ",2022-07-14 21:19:55.101491
Cap Kakumei Bottleman DX,"
N/A
        ","
475
        ",2022-07-14 21:19:55.101491
Shimajirou no Wow!,"
N/A
        ","
440
        ",2022-07-14 21:19:55.101491
Mori no Ratio,"
N/A
        ","
399
        ",2022-07-14 21:19:55.101491
Duel Masters King Max,"
N/A
        ","
396
        ",2022-07-14 21:19:55.101491
Manul no Yuube,"
N/A
        ","
395
        ",2022-07-14 21:19:55.101491
Gohan Kaijuu Pap,"
N/A
        ","
368
        ",2022-07-14 21:19:55.101491
Yowamushi Monsters,"
N/A
        ","
350
        ",2022-07-14 21:19:55.101491
Motto! Majime ni Fumajime Kaiketsu Zorori 3rd Season,"
N/A
        ","
349
        ",2022-07-14 21:19:55.101491
Bite-Choicar,"
N/A
        ","
332
        ",2022-07-14 21:19:55.101491
Norimono Man: Mobile Land no Car-kun,"
N/A
        ","
332
        ",2022-07-14 21:19:55.101491
Insect Land,"
N/A
        ","
321
        ",2022-07-14 21:19:55.101491
Robot Pulta,"
N/A
        ","
313
        ",2022-07-14 21:19:55.101491
Xi Yangyang Yu Hui Tailang: Juezhan Ci Shidai,"
N/A
        ","
307
        ",2022-07-14 21:19:55.101491
Konigiri-kun,"
N/A
        ","
278
        ",2022-07-14 21:19:55.101491
Liv & Bell,"
N/A
        ","
276
        ",2022-07-14 21:19:55.101491
Beads no Mori no Rabi,"
N/A
        ","
273
        ",2022-07-14 21:19:55.101491
Fuwafuwa Hour: Pui Pui & Muu Muu,"
N/A
        ","
270
        ",2022-07-14 21:19:55.101491
Otoppe,"
N/A
        ","
267
        ",2022-07-14 21:19:55.101491
Oidon to,"
N/A
        ","
244
        ",2022-07-14 21:19:55.101491
Keito no Yousei: Knit to Wool,"
N/A
        ","
236
        ",2022-07-14 21:19:55.101491
Unicorn no Kyupi,"
N/A
        ","
236
        ",2022-07-14 21:19:55.101491
Pakkororin,"
N/A
        ","
220
        ",2022-07-14 21:19:55.101491
Onigiri ni Naritai Cogimyun,"
N/A
        ","
216
        ",2022-07-14 21:19:55.101491
Reizouko no Tsukenosuke!,"
N/A
        ","
205
        ",2022-07-14 21:19:55.101491
Origami Ninja Koyankinte,"
N/A
        ","
186
        ",2022-07-14 21:19:55.101491
Pororo Donghwanala,"
N/A
        ","
186
        ",2022-07-14 21:19:55.101491
Oshiri Tantei 6th Season,"
N/A
        ","
126
        ",2022-07-14 21:19:55.101491
Titipo Titipo 3,"
N/A
        ","
124
        ",2022-07-14 21:19:55.101491
Akikan no Tuna,"
N/A
        ","
49
        ",2022-07-14 21:19:55.101491
Recola,"
N/A
        ","
47
        ",2022-07-14 21:19:55.101491
JoJo no Kimyou na Bouken Part 6: Stone Ocean Part 2,"
N/A
        ","
66K
        ",2022-07-14 21:19:55.101491
Cyberpunk: Edgerunners,"
N/A
        ","
46K
        ",2022-07-14 21:19:55.101491
Kakegurui Twin,"
N/A
        ","
30K
        ",2022-07-14 21:19:55.101491
Bastard!! Ankoku no Hakaishin (ONA) Part 2,"
N/A
        ","
6.1K
        ",2022-07-14 21:19:55.101491
Overlord: Ple Ple Pleiades 4,"
6.40
        ","
5.8K
        ",2022-07-14 21:19:55.101491
Obey Me! Season 2,"
N/A
        ","
3.1K
        ",2022-07-14 21:19:55.101491
"Yowai 5000-nen no Soushoku Dragon, Iwarenaki Jaryuu Nintei","
N/A
        ","
2.5K
        ",2022-07-14 21:19:55.101491
Yi Nian Yong Heng: Chuan Cheng Pian,"
N/A
        ","
2.0K
        ",2022-07-14 21:19:55.101491
"Mori no Kuma-san, Toumin-chuu.","
N/A
        ","
1.8K
        ",2022-07-14 21:19:55.101491
Rilakkuma to Yuuenchi,"
N/A
        ","
1.5K
        ",2022-07-14 21:19:55.101491
Doupo Cangqiong: Nian Fan,"
N/A
        ","
1.4K
        ",2022-07-14 21:19:55.101491
Doupo Cangqiong: Yuanqi,"
N/A
        ","
1.0K
        ",2022-07-14 21:19:55.101491
Long Zu,"
N/A
        ","
815
        ",2022-07-14 21:19:55.101491
Meng Qi Shi Shen: Huanxi Zhui Hun,"
N/A
        ","
776
        ",2022-07-14 21:19:55.101491
Huanmeng Shan Hai Yao,"
N/A
        ","
711
        ",2022-07-14 21:19:55.101491
Jian Wang 3: Xia Gan Yi Dan Shen Jianxin 3rd Season,"
N/A
        ","
608
        ",2022-07-14 21:19:55.101491
Kao Ni La Zhanshen Xitong,"
N/A
        ","
480
        ",2022-07-14 21:19:55.101491
Hanhua Riji 3rd Season,"
N/A
        ","
449
        ",2022-07-14 21:19:55.101491
Shanghai Gushi,"
N/A
        ","
425
        ",2022-07-14 21:19:55.101491
Bai Yao Pu 3rd Season,"
N/A
        ","
403
        ",2022-07-14 21:19:55.101491
Shaonian Baima Zui Chunfeng,"
N/A
        ","
369
        ",2022-07-14 21:19:55.101491
Knights of the Zodiac: Saint Seiya - Battle for Sanctuary,"
N/A
        ","
354
        ",2022-07-14 21:19:55.101491
Sekai no Owari ni Shiba Inu to,"
N/A
        ","
225
        ",2022-07-14 21:19:55.101491
Shen Mu,"
N/A
        ","
172
        ",2022-07-14 21:19:55.101491
Wo Kao Chongzhi Dang Wudi,"
N/A
        ","
170
        ",2022-07-14 21:19:55.101491
Cang Lan Jue,"
N/A
        ","
165
        ",2022-07-14 21:19:55.101491
Hei Men,"
N/A
        ","
154
        ",2022-07-14 21:19:55.101491
Juedai Shuang Jiao,"
N/A
        ","
154
        ",2022-07-14 21:19:55.101491
Jidao Long Shen,"
N/A
        ","
147
        ",2022-07-14 21:19:55.101491
Xian Wu Cangqiong,"
N/A
        ","
90
        ",2022-07-14 21:19:55.101491
Yangguang Kafei Ting Zhi Xin You Ji,"
N/A
        ","
80
        ",2022-07-14 21:19:55.101491
San Cun Renjian,"
N/A
        ","
66
        ",2022-07-14 21:19:55.101491
Shi Shaoxia Gunjue Hao Gudan,"
N/A
        ","
57
        ",2022-07-14 21:19:55.101491
Baozou Xia Ri,"
N/A
        ","
55
        ",2022-07-14 21:19:55.101491
Tuanzimen de Shiming,"
N/A
        ","
49
        ",2022-07-14 21:19:55.101491
Xing Yuan Zhi Zhu,"
N/A
        ","
47
        ",2022-07-14 21:19:55.101491
Zhanguo Qiannian,"
N/A
        ","
46
        ",2022-07-14 21:19:55.101491
Sasaki to Miyano: Koi ni Kizuku Mae no Chotto Shita Hanashi.,"
N/A
        ","
16K
        ",2022-07-14 21:19:55.101491
Arifureta Shokugyou de Sekai Saikyou: Maboroshi no Bouken to Kiseki no Kaigou,"
N/A
        ","
9.8K
        ",2022-07-14 21:19:55.101491
Seika Jogakuin Kounin Sao Ojisan,"
7.14
        ","
1.8K
        ",2022-07-14 21:19:55.101491
Natsuyasumi Ake no Kanojo wa...,"
5.69
        ","
967
        ",2022-07-14 21:19:55.101491
Doukyuusei Remake The Animation,"
N/A
        ","
857
        ",2022-07-14 21:19:55.101491
Sleepless: A Midsummer Night's Dream - The Animation,"
N/A
        ","
690
        ",2022-07-14 21:19:55.101491
Summer: Inaka no Seikatsu,"
N/A
        ","
644
        ",2022-07-14 21:19:55.101491
Kitsune Musume no Ecchi na Oyado,"
N/A
        ","
472
        ",2022-07-14 21:19:55.101491
Iinchou wa Saimin Appli wo Shinjiteru.,"
N/A
        ","
398
        ",2022-07-14 21:19:55.101491
Haji+ Shinchishin,"
N/A
        ","
319
        ",2022-07-14 21:19:55.101491
Korashime 2: Kyouikuteki Depaga Shidou,"
N/A
        ","
318
        ",2022-07-14 21:19:55.101491
Renseijutsushi Colette no H na Sakusei Monogatari,"
N/A
        ","
215
        ",2022-07-14 21:19:55.101491
Boku wa Chiisana Succubus no Shimobe,"
N/A
        ","
209
        ",2022-07-14 21:19:55.101491
One Piece Film: Red,"
N/A
        ","
51K
        ",2022-07-14 21:19:55.101491
Sword Art Online: Progressive Movie - Kuraki Yuuyami no Scherzo,"
N/A
        ","
46K
        ",2022-07-14 21:19:55.101491
Yuru Camp△ Movie,"
7.47
        ","
44K
        ",2022-07-14 21:19:55.101491
"Natsu e no Tunnel, Sayonara no Deguchi","
N/A
        ","
25K
        ",2022-07-14 21:19:55.101491
Tsurune Movie: Hajimari no Issha,"
N/A
        ","
14K
        ",2022-07-14 21:19:55.101491
Bakuten!! Movie,"
N/A
        ","
14K
        ",2022-07-14 21:19:55.101491
Ame wo Tsugeru Hyouryuu Danchi,"
N/A
        ","
10K
        ",2022-07-14 21:19:55.101491
Ginga Eiyuu Densetsu: Die Neue These - Sakubou,"
N/A
        ","
4.7K
        ",2022-07-14 21:19:55.101491
Uta no☆Prince-sama♪ Movie: Maji Love ST☆RISH Tours,"
N/A
        ","
3.7K
        ",2022-07-14 21:19:55.101491
Osomatsu-san: Hipipo-Zoku to Kagayaku Kajitsu,"
N/A
        ","
1.4K
        ",2022-07-14 21:19:55.101491
Gundam: G no Reconguista Movie IV - Gekitou ni Sakebu Ai,"
N/A
        ","
905
        ",2022-07-14 21:19:55.101491
Gundam: G no Reconguista Movie V - Shisen wo Koete,"
N/A
        ","
885
        ",2022-07-14 21:19:55.101491
Delicious Party♡Precure (Movie),"
N/A
        ","
441
        ",2022-07-14 21:19:55.101491
Chong Chu Diqiu,"
N/A
        ","
176
        ",2022-07-14 21:19:55.101491
Zannen na Ikimono Jiten the Movie,"
N/A
        ","
105
        ",2022-07-14 21:19:55.101491
Dr. Stone: Ryuusui,"
8.43
        ","
102K
        ",2022-07-14 21:19:55.101491
RWBY: Hyousetsu Teikoku,"
7.36
        ","
50K
        ",2022-07-14 21:19:55.101491
Dungeon ni Deai wo Motomeru no wa Machigatteiru Darou ka IV Episode 0,"
6.41
        ","
8.1K
        ",2022-07-14 21:19:55.101491
D4DJ: Double Mix,"
N/A
        ","
2.5K
        ",2022-07-14 21:19:55.101491
BanG Dream! Morfonication,"
N/A
        ","
2.2K
        ",2022-07-14 21:19:55.101491
Midori no Makibao: Owaranai Chоusen!!,"
N/A
        ","
58
        ",2022-07-14 21:19:55.101491
Tonikaku Kawaii: Seifuku,"
N/A
        ","
37K
        ",2022-07-14 21:19:55.101491
Yojouhan Time Machine Blues,"
N/A
        ","
16K
        ",2022-07-14 21:19:55.101491
Hataraku Maou-sama!!,"
N/A
        ","
276K
        ",2022-07-13 02:57:47.781149
"Kanojo, Okarishimasu 2nd Season","
6.79
        ","
261K
        ",2022-07-13 02:57:47.781149
Overlord IV,"
8.32
        ","
254K
        ",2022-07-13 02:57:47.781149
Made in Abyss: Retsujitsu no Ougonkyou,"
8.75
        ","
202K
        ",2022-07-13 02:57:47.781149
Youkoso Jitsuryoku Shijou Shugi no Kyoushitsu e (TV) 2nd Season,"
8.17
        ","
199K
        ",2022-07-13 02:57:47.781149
Yofukashi no Uta,"
8.00
        ","
184K
        ",2022-07-13 02:57:47.781149
Dungeon ni Deai wo Motomeru no wa Machigatteiru Darou ka IV: Shin Shou - Meikyuu-hen,"
N/A
        ","
156K
        ",2022-07-13 02:57:47.781149
Mamahaha no Tsurego ga Motokano datta,"
7.29
        ","
104K
        ",2022-07-13 02:57:47.781149
Engage Kiss,"
7.31
        ","
86K
        ",2022-07-13 02:57:47.781149
"Tensei Kenja no Isekai Life: Dai-2 no Shokugyou wo Ete, Sekai Saikyou ni Narimashita","
6.68
        ","
86K
        ",2022-07-13 02:57:47.781149
Isekai Meikyuu de Harem wo,"
7.22
        ","
85K
        ",2022-07-13 02:57:47.781149
Kinsou no Vermeil: Gakeppuchi Majutsushi wa Saikyou no Yakusai to Mahou Sekai wo Tsukisusumu,"
7.33
        ","
81K
        ",2022-07-13 02:57:47.781149
Soredemo Ayumu wa Yosetekuru,"
7.41
        ","
81K
        ",2022-07-13 02:57:47.781149
Isekai Ojisan,"
7.88
        ","
69K
        ",2022-07-13 02:57:47.781149
Lycoris Recoil,"
7.93
        ","
68K
        ",2022-07-13 02:57:47.781149
Kumichou Musume to Sewagakari,"
7.73
        ","
56K
        ",2022-07-13 02:57:47.781149
Shadows House 2nd Season,"
7.85
        ","
55K
        ",2022-07-13 02:57:47.781149
Saikin Yatotta Maid ga Ayashii,"
N/A
        ","
41K
        ",2022-07-13 02:57:47.781149
Kuro no Shoukanshi,"
7.17
        ","
40K
        ",2022-07-13 02:57:47.781149
Isekai Yakkyoku,"
7.62
        ","
39K
        ",2022-07-13 02:57:47.781149
Hoshi no Samidare,"
6.34
        ","
30K
        ",2022-07-13 02:57:47.781149
Tokyo Mew Mew New ♡,"
7.04
        ","
28K
        ",2022-07-13 02:57:47.781149
Utawarerumono: Futari no Hakuoro,"
7.27
        ","
21K
        ",2022-07-13 02:57:47.781149
Orient: Awajishima Gekitou-hen,"
7.05
        ","
20K
        ",2022-07-13 02:57:47.781149
Jashin-chan Dropkick X,"
7.63
        ","
17K
        ",2022-07-13 02:57:47.781149
Renmei Kuugun Koukuu Mahou Ongakutai Luminous Witches,"
6.70
        ","
16K
        ",2022-07-13 02:57:47.781149
Bucchigire!,"
6.52
        ","
16K
        ",2022-07-13 02:57:47.781149
Love Live! Superstar!! 2nd Season,"
N/A
        ","
14K
        ",2022-07-13 02:57:47.781149
Fuuto Tantei,"
N/A
        ","
14K
        ",2022-07-13 02:57:47.781149
Prima Doll,"
6.83
        ","
13K
        ",2022-07-13 02:57:47.781149
Warau Arsnotoria Sun!,"
6.34
        ","
12K
        ",2022-07-13 02:57:47.781149
Kami Kuzu☆Idol,"
6.70
        ","
12K
        ",2022-07-13 02:57:47.781149
Yurei Deco,"
6.43
        ","
10K
        ",2022-07-13 02:57:47.781149
Teppen!!!!!!!!!!!!!!!,"
6.35
        ","
9.8K
        ",2022-07-13 02:57:47.781149
Shoot! Goal to the Future,"
5.29
        ","
8.4K
        ",2022-07-13 02:57:47.781149
Musashino!,"
4.57
        ","
7.6K
        ",2022-07-13 02:57:47.781149
Shin Tennis no Ouji-sama: U-17 World Cup,"
7.05
        ","
7.0K
        ",2022-07-13 02:57:47.781149
KJ File,"
N/A
        ","
6.6K
        ",2022-07-13 02:57:47.781149
Extreme Hearts,"
6.24
        ","
5.6K
        ",2022-07-13 02:57:47.781149
Shine Post,"
6.72
        ","
4.8K
        ",2022-07-13 02:57:47.781149
Yoru wa Neko to Issho,"
N/A
        ","
3.5K
        ",2022-07-13 02:57:47.781149
Cardfight!! Vanguard: will+Dress,"
6.55
        ","
2.4K
        ",2022-07-13 02:57:47.781149
Chimimo,"
6.25
        ","
1.9K
        ",2022-07-13 02:57:47.781149
Hanabi-chan wa Okuregachi,"
6.07
        ","
1.8K
        ",2022-07-13 02:57:47.781149
Xin Weiqi Shaonian,"
N/A
        ","
464
        ",2022-07-13 02:57:47.781149
Iii Icecrin Double,"
N/A
        ","
164
        ",2022-07-13 02:57:47.781149
One Piece,"
8.65
        ","
1.9M
        ",2022-07-13 02:57:47.781149
Boruto: Naruto Next Generations,"
5.81
        ","
760K
        ",2022-07-13 02:57:47.781149
Detective Conan,"
8.16
        ","
312K
        ",2022-07-13 02:57:47.781149
Summertime Render,"
8.41
        ","
223K
        ",2022-07-13 02:57:47.781149
Kakkou no Iinazuke,"
7.33
        ","
169K
        ",2022-07-13 02:57:47.781149
Ao Ashi,"
8.03
        ","
96K
        ",2022-07-13 02:57:47.781149
Crayon Shin-chan,"
7.75
        ","
73K
        ",2022-07-13 02:57:47.781149
Pokemon (2019),"
7.20
        ","
66K
        ",2022-07-13 02:57:47.781149
Dragon Quest: Dai no Daibouken (2020),"
7.16
        ","
60K
        ",2022-07-13 02:57:47.781149
Kingdom 4th Season,"
8.80
        ","
31K
        ",2022-07-13 02:57:47.781149
Love All Play,"
6.30
        ","
29K
        ",2022-07-13 02:57:47.781149
Digimon Ghost Game,"
6.99
        ","
17K
        ",2022-07-13 02:57:47.781149
Doraemon (2005),"
7.62
        ","
17K
        ",2022-07-13 02:57:47.781149
Gudetama,"
7.05
        ","
11K
        ",2022-07-13 02:57:47.781149
Sazae-san,"
6.10
        ","
7.2K
        ",2022-07-13 02:57:47.781149
Atasha Kawashiri Kodama Da yo: Dangerous Lifehacker no Tadareta Seikatsu,"
5.65
        ","
6.6K
        ",2022-07-13 02:57:47.781149
Nintama Rantarou,"
7.07
        ","
6.6K
        ",2022-07-13 02:57:47.781149
Delicious Party♡Precure,"
7.30
        ","
6.1K
        ",2022-07-13 02:57:47.781149
Chibi Maruko-chan (1995),"
7.27
        ","
4.3K
        ",2022-07-13 02:57:47.781149
Waccha PriMagi!,"
6.63
        ","
4.0K
        ",2022-07-13 02:57:47.781149
Yu☆Gi☆Oh!: Go Rush!!,"
5.65
        ","
3.5K
        ",2022-07-13 02:57:47.781149
Shadowverse Flame,"
6.26
        ","
3.3K
        ",2022-07-13 02:57:47.781149
Sore Ike! Anpanman,"
6.55
        ","
3.1K
        ",2022-07-13 02:57:47.781149
Bonobono (TV 2016),"
6.40
        ","
2.7K
        ",2022-07-13 02:57:47.781149
My Daughter is a Zombie,"
N/A
        ","
2.7K
        ",2022-07-13 02:57:47.781149
Ninjala (TV),"
5.66
        ","
1.8K
        ",2022-07-13 02:57:47.781149
Ojarumaru,"
6.39
        ","
1.7K
        ",2022-07-13 02:57:47.781149
Youkai Watch ♪,"
6.24
        ","
1.7K
        ",2022-07-13 02:57:47.781149
Shikaru Neko,"
N/A
        ","
1.5K
        ",2022-07-13 02:57:47.781149
Fushigi Dagashiya: Zenitendou,"
6.03
        ","
1.3K
        ",2022-07-13 02:57:47.781149
Puzzle & Dragon,"
N/A
        ","
1.2K
        ",2022-07-13 02:57:47.781149
Mobile Suit Gundam: Iron-Blooded Orphans Special Edition,"
N/A
        ","
1.1K
        ",2022-07-13 02:57:47.781149
Chiikawa,"
5.72
        ","
1.1K
        ",2022-07-13 02:57:47.781149
Kamiusagi Rope: Warau Asa ni wa Fukuraitaru tte Maji ssuka!?,"
N/A
        ","
923
        ",2022-07-13 02:57:47.781149
Knyacki!,"
6.15
        ","
839
        ",2022-07-13 02:57:47.781149
Hanakappa,"
6.01
        ","
680
        ",2022-07-13 02:57:47.781149
Shiawase Haitatsu Taneko,"
N/A
        ","
671
        ",2022-07-13 02:57:47.781149
Uchuu Nanchara Kotetsu-kun,"
N/A
        ","
627
        ",2022-07-13 02:57:47.781149
Teikou Penguin,"
N/A
        ","
551
        ",2022-07-13 02:57:47.781149
Kirin the Noop,"
N/A
        ","
502
        ",2022-07-13 02:57:47.781149
Cap Kakumei Bottleman DX,"
N/A
        ","
472
        ",2022-07-13 02:57:47.781149
Shimajirou no Wow!,"
N/A
        ","
441
        ",2022-07-13 02:57:47.781149
Mori no Ratio,"
N/A
        ","
398
        ",2022-07-13 02:57:47.781149
Manul no Yuube,"
N/A
        ","
396
        ",2022-07-13 02:57:47.781149
Duel Masters King Max,"
N/A
        ","
393
        ",2022-07-13 02:57:47.781149
Gohan Kaijuu Pap,"
N/A
        ","
369
        ",2022-07-13 02:57:47.781149
Yowamushi Monsters,"
N/A
        ","
351
        ",2022-07-13 02:57:47.781149
Motto! Majime ni Fumajime Kaiketsu Zorori 3rd Season,"
N/A
        ","
348
        ",2022-07-13 02:57:47.781149
Bite-Choicar,"
N/A
        ","
333
        ",2022-07-13 02:57:47.781149
Norimono Man: Mobile Land no Car-kun,"
N/A
        ","
333
        ",2022-07-13 02:57:47.781149
Insect Land,"
N/A
        ","
318
        ",2022-07-13 02:57:47.781149
Robot Pulta,"
N/A
        ","
314
        ",2022-07-13 02:57:47.781149
Xi Yangyang Yu Hui Tailang: Juezhan Ci Shidai,"
N/A
        ","
307
        ",2022-07-13 02:57:47.781149
Konigiri-kun,"
N/A
        ","
278
        ",2022-07-13 02:57:47.781149
Liv & Bell,"
N/A
        ","
276
        ",2022-07-13 02:57:47.781149
Beads no Mori no Rabi,"
N/A
        ","
274
        ",2022-07-13 02:57:47.781149
Fuwafuwa Hour: Pui Pui & Muu Muu,"
N/A
        ","
271
        ",2022-07-13 02:57:47.781149
Otoppe,"
N/A
        ","
268
        ",2022-07-13 02:57:47.781149
Oidon to,"
N/A
        ","
244
        ",2022-07-13 02:57:47.781149
Keito no Yousei: Knit to Wool,"
N/A
        ","
237
        ",2022-07-13 02:57:47.781149
Unicorn no Kyupi,"
N/A
        ","
237
        ",2022-07-13 02:57:47.781149
Pakkororin,"
N/A
        ","
221
        ",2022-07-13 02:57:47.781149
Onigiri ni Naritai Cogimyun,"
N/A
        ","
217
        ",2022-07-13 02:57:47.781149
Reizouko no Tsukenosuke!,"
N/A
        ","
206
        ",2022-07-13 02:57:47.781149
Origami Ninja Koyankinte,"
N/A
        ","
187
        ",2022-07-13 02:57:47.781149
Pororo Donghwanala,"
N/A
        ","
186
        ",2022-07-13 02:57:47.781149
Oshiri Tantei 6th Season,"
N/A
        ","
125
        ",2022-07-13 02:57:47.781149
Titipo Titipo 3,"
N/A
        ","
123
        ",2022-07-13 02:57:47.781149
Akikan no Tuna,"
N/A
        ","
49
        ",2022-07-13 02:57:47.781149
Recola,"
N/A
        ","
47
        ",2022-07-13 02:57:47.781149
JoJo no Kimyou na Bouken Part 6: Stone Ocean Part 2,"
N/A
        ","
66K
        ",2022-07-13 02:57:47.781149
Cyberpunk: Edgerunners,"
N/A
        ","
46K
        ",2022-07-13 02:57:47.781149
Kakegurui Twin,"
N/A
        ","
30K
        ",2022-07-13 02:57:47.781149
Bastard!! Ankoku no Hakaishin (ONA) Part 2,"
N/A
        ","
5.8K
        ",2022-07-13 02:57:47.781149
Overlord: Ple Ple Pleiades 4,"
6.39
        ","
5.7K
        ",2022-07-13 02:57:47.781149
Obey Me! Season 2,"
N/A
        ","
3.0K
        ",2022-07-13 02:57:47.781149
"Yowai 5000-nen no Soushoku Dragon, Iwarenaki Jaryuu Nintei","
N/A
        ","
2.4K
        ",2022-07-13 02:57:47.781149
Yi Nian Yong Heng: Chuan Cheng Pian,"
N/A
        ","
2.0K
        ",2022-07-13 02:57:47.781149
"Mori no Kuma-san, Toumin-chuu.","
N/A
        ","
1.8K
        ",2022-07-13 02:57:47.781149
Rilakkuma to Yuuenchi,"
N/A
        ","
1.5K
        ",2022-07-13 02:57:47.781149
Doupo Cangqiong: Nian Fan,"
N/A
        ","
1.4K
        ",2022-07-13 02:57:47.781149
Doupo Cangqiong: Yuanqi,"
N/A
        ","
1.0K
        ",2022-07-13 02:57:47.781149
Long Zu,"
N/A
        ","
798
        ",2022-07-13 02:57:47.781149
Meng Qi Shi Shen: Huanxi Zhui Hun,"
N/A
        ","
709
        ",2022-07-13 02:57:47.781149
Huanmeng Shan Hai Yao,"
N/A
        ","
704
        ",2022-07-13 02:57:47.781149
Jian Wang 3: Xia Gan Yi Dan Shen Jianxin 3rd Season,"
N/A
        ","
602
        ",2022-07-13 02:57:47.781149
Kao Ni La Zhanshen Xitong,"
N/A
        ","
472
        ",2022-07-13 02:57:47.781149
Hanhua Riji 3rd Season,"
N/A
        ","
446
        ",2022-07-13 02:57:47.781149
Shanghai Gushi,"
N/A
        ","
422
        ",2022-07-13 02:57:47.781149
Bai Yao Pu 3rd Season,"
N/A
        ","
392
        ",2022-07-13 02:57:47.781149
Shaonian Baima Zui Chunfeng,"
N/A
        ","
368
        ",2022-07-13 02:57:47.781149
Knights of the Zodiac: Saint Seiya - Battle for Sanctuary,"
N/A
        ","
339
        ",2022-07-13 02:57:47.781149
Sekai no Owari ni Shiba Inu to,"
N/A
        ","
201
        ",2022-07-13 02:57:47.781149
Xue Yu Xin,"
N/A
        ","
176
        ",2022-07-13 02:57:47.781149
Shen Mu,"
N/A
        ","
164
        ",2022-07-13 02:57:47.781149
Wo Kao Chongzhi Dang Wudi,"
N/A
        ","
160
        ",2022-07-13 02:57:47.781149
Juedai Shuang Jiao,"
N/A
        ","
152
        ",2022-07-13 02:57:47.781149
Hei Men,"
N/A
        ","
150
        ",2022-07-13 02:57:47.781149
Jidao Long Shen,"
N/A
        ","
143
        ",2022-07-13 02:57:47.781149
Cang Lan Jue,"
N/A
        ","
139
        ",2022-07-13 02:57:47.781149
Xian Wu Cangqiong,"
N/A
        ","
81
        ",2022-07-13 02:57:47.781149
Yangguang Kafei Ting Zhi Xin You Ji,"
N/A
        ","
76
        ",2022-07-13 02:57:47.781149
Shan Hai Juelun,"
N/A
        ","
72
        ",2022-07-13 02:57:47.781149
San Cun Renjian,"
N/A
        ","
66
        ",2022-07-13 02:57:47.781149
Shi Shaoxia Gunjue Hao Gudan,"
N/A
        ","
54
        ",2022-07-13 02:57:47.781149
Baozou Xia Ri,"
N/A
        ","
52
        ",2022-07-13 02:57:47.781149
Xing Yuan Zhi Zhu,"
N/A
        ","
46
        ",2022-07-13 02:57:47.781149
Tuanzimen de Shiming,"
N/A
        ","
45
        ",2022-07-13 02:57:47.781149
Zhanguo Qiannian,"
N/A
        ","
43
        ",2022-07-13 02:57:47.781149
Sasaki to Miyano: Koi ni Kizuku Mae no Chotto Shita Hanashi.,"
N/A
        ","
16K
        ",2022-07-13 02:57:47.781149
Arifureta Shokugyou de Sekai Saikyou: Maboroshi no Bouken to Kiseki no Kaigou,"
N/A
        ","
9.7K
        ",2022-07-13 02:57:47.781149
Seika Jogakuin Kounin Sao Ojisan,"
7.11
        ","
1.7K
        ",2022-07-13 02:57:47.781149
Doukyuusei Remake The Animation,"
N/A
        ","
851
        ",2022-07-13 02:57:47.781149
Natsuyasumi Ake no Kanojo wa...,"
N/A
        ","
851
        ",2022-07-13 02:57:47.781149
Sleepless: A Midsummer Night's Dream - The Animation,"
N/A
        ","
681
        ",2022-07-13 02:57:47.781149
Summer: Inaka no Seikatsu,"
N/A
        ","
634
        ",2022-07-13 02:57:47.781149
Kitsune Musume no Ecchi na Oyado,"
N/A
        ","
464
        ",2022-07-13 02:57:47.781149
Iinchou wa Saimin Appli wo Shinjiteru.,"
N/A
        ","
382
        ",2022-07-13 02:57:47.781149
Haji+ Shinchishin,"
N/A
        ","
311
        ",2022-07-13 02:57:47.781149
Korashime 2: Kyouikuteki Depaga Shidou,"
N/A
        ","
306
        ",2022-07-13 02:57:47.781149
Renseijutsushi Colette no H na Sakusei Monogatari,"
N/A
        ","
196
        ",2022-07-13 02:57:47.781149
Boku wa Chiisana Succubus no Shimobe,"
N/A
        ","
186
        ",2022-07-13 02:57:47.781149
One Piece Film: Red,"
N/A
        ","
51K
        ",2022-07-13 02:57:47.781149
Sword Art Online: Progressive Movie - Kuraki Yuuyami no Scherzo,"
N/A
        ","
45K
        ",2022-07-13 02:57:47.781149
Yuru Camp△ Movie,"
7.39
        ","
44K
        ",2022-07-13 02:57:47.781149
"Natsu e no Tunnel, Sayonara no Deguchi","
N/A
        ","
23K
        ",2022-07-13 02:57:47.781149
Tsurune Movie: Hajimari no Issha,"
N/A
        ","
14K
        ",2022-07-13 02:57:47.781149
Bakuten!! Movie,"
N/A
        ","
14K
        ",2022-07-13 02:57:47.781149
Ame wo Tsugeru Hyouryuu Danchi,"
N/A
        ","
10.0K
        ",2022-07-13 02:57:47.781149
Ginga Eiyuu Densetsu: Die Neue These - Sakubou,"
N/A
        ","
4.7K
        ",2022-07-13 02:57:47.781149
Uta no☆Prince-sama♪ Movie: Maji Love ST☆RISH Tours,"
N/A
        ","
3.7K
        ",2022-07-13 02:57:47.781149
Osomatsu-san: Hipipo-Zoku to Kagayaku Kajitsu,"
N/A
        ","
1.4K
        ",2022-07-13 02:57:47.781149
Gundam: G no Reconguista Movie IV - Gekitou ni Sakebu Ai,"
N/A
        ","
902
        ",2022-07-13 02:57:47.781149
Gundam: G no Reconguista Movie V - Shisen wo Koete,"
N/A
        ","
880
        ",2022-07-13 02:57:47.781149
Delicious Party♡Precure (Movie),"
N/A
        ","
438
        ",2022-07-13 02:57:47.781149
Chong Chu Diqiu,"
N/A
        ","
169
        ",2022-07-13 02:57:47.781149
Zannen na Ikimono Jiten the Movie,"
N/A
        ","
105
        ",2022-07-13 02:57:47.781149
Dr. Stone: Ryuusui,"
8.43
        ","
98K
        ",2022-07-13 02:57:47.781149
RWBY: Hyousetsu Teikoku,"
7.36
        ","
50K
        ",2022-07-13 02:57:47.781149
Dungeon ni Deai wo Motomeru no wa Machigatteiru Darou ka IV Episode 0,"
6.41
        ","
7.4K
        ",2022-07-13 02:57:47.781149
D4DJ: Double Mix,"
N/A
        ","
2.5K
        ",2022-07-13 02:57:47.781149
BanG Dream! Morfonication,"
N/A
        ","
2.2K
        ",2022-07-13 02:57:47.781149
Midori no Makibao: Owaranai Chоusen!!,"
N/A
        ","
57
        ",2022-07-13 02:57:47.781149
Tonikaku Kawaii: Seifuku,"
N/A
        ","
37K
        ",2022-07-13 02:57:47.781149
Yojouhan Time Machine Blues,"
N/A
        ","
16K
        ",2022-07-13 02:57:47.781149
